btr_pwr,btr_life,mhz,cores,frontcam,backcam,px_h,px_w,cm_h,cm_w,rom,ram,thick,weight,dual_sim,bt,touch,wifi,4g,3g
1043,2,1.8,3,14,16,226,1412,12,7,5,3476,0.1,193,1,1,1,0,0,0
841,7,0.5,5,4,12,746,857,6,0,61,3895,0.8,191,1,1,0,0,1,1
1807,10,2.8,3,1,4,1270,1366,17,10,27,2396,0.9,186,0,1,1,1,0,0
1546,7,0.5,8,18,20,295,1752,10,0,25,3893,0.5,96,1,0,1,0,1,1
1434,7,1.4,6,11,18,749,810,15,8,49,1773,0.5,108,0,0,0,1,1,1
1464,3,2.9,8,5,9,569,939,10,7,50,3506,0.8,198,1,1,1,1,1,1
1718,10,2.4,2,1,3,1283,1374,14,2,47,3873,1.0,156,0,0,0,0,0,0
833,18,2.4,1,0,2,1312,1880,7,2,62,1495,0.8,111,1,0,1,1,0,0
1111,10,2.9,5,9,19,556,876,11,9,25,3485,0.6,101,1,1,1,0,1,1
1520,5,0.5,3,1,20,52,1009,6,0,25,651,0.5,171,0,0,0,1,0,1
1500,20,2.2,7,2,6,503,1336,13,7,55,3866,0.6,80,0,0,1,0,0,0
1343,8,2.9,3,2,6,235,1671,15,8,34,3911,0.8,171,0,0,1,1,1,1
900,20,1.4,2,0,3,829,1893,6,2,30,439,1.0,87,1,1,0,0,0,1
1190,16,2.2,5,5,15,227,1856,13,0,19,992,0.9,158,1,1,1,0,0,1
630,3,1.8,8,8,9,1315,1323,17,6,51,2751,0.9,193,0,0,1,0,1,1
1846,10,1.0,8,5,7,185,1832,9,5,53,563,0.7,106,0,1,0,1,1,1
1985,14,0.5,2,14,17,613,1511,13,3,26,2083,1.0,163,1,0,1,0,1,1
1042,5,2.9,4,5,15,335,532,9,2,48,2187,0.2,186,0,0,0,0,1,1
1231,15,1.7,2,2,3,82,1771,19,12,37,3902,0.2,194,1,1,0,1,1,1
1488,6,2.6,4,9,20,47,559,5,0,37,2524,0.7,189,0,0,0,0,0,0
968,16,0.6,1,8,17,504,1930,15,1,7,1357,0.7,151,0,0,1,0,1,1
529,9,2.6,5,1,5,521,1591,13,11,60,3456,0.5,101,1,0,1,0,0,0
1558,9,1.7,2,7,10,777,1587,17,0,50,1641,0.1,115,1,0,1,1,0,0
533,2,0.7,5,16,18,512,1111,17,3,58,2322,0.8,97,1,1,1,0,0,0
1037,7,1.7,3,1,6,1194,1321,17,4,5,3862,0.7,125,1,0,1,0,0,1
1025,14,1.6,3,6,16,1003,1306,15,10,43,557,0.7,122,1,0,1,1,1,1
1858,13,3.0,4,0,1,575,1200,16,11,17,2427,0.6,124,1,0,1,0,0,1
980,7,0.5,5,1,5,54,658,17,3,8,625,0.1,91,0,0,1,1,0,0
644,10,0.5,5,9,10,627,630,10,9,15,3836,0.2,139,1,1,0,1,0,1
1024,10,1.6,2,0,0,129,1048,11,3,38,854,0.8,81,1,1,0,0,1,1
1981,18,2.9,8,2,13,876,1408,11,2,11,2383,0.3,184,1,0,0,0,1,1
1380,7,2.6,8,15,16,501,643,9,5,56,926,0.5,187,1,0,0,0,1,1
1557,7,1.7,7,1,11,1407,1633,17,11,32,3048,0.3,152,1,1,0,0,0,1
1201,9,2.2,4,10,20,722,992,18,13,49,824,0.8,175,1,1,0,0,0,1
1074,2,1.2,3,0,6,1219,1904,11,7,45,874,0.8,193,0,1,0,0,0,1
1175,7,2.1,6,3,8,119,1777,5,3,33,1617,0.9,124,0,1,0,1,0,0
1280,8,0.9,6,4,5,753,1557,17,16,8,3309,0.6,96,1,0,0,1,1,1
1715,12,0.6,6,1,16,162,847,19,2,28,1786,0.4,112,1,0,0,1,1,1
1165,14,0.9,2,4,11,313,528,13,0,40,3128,0.9,150,0,0,0,0,0,1
567,10,2.6,4,0,1,181,566,16,6,2,2243,0.2,87,0,0,1,1,0,0
1952,17,1.4,2,2,10,1416,1892,9,5,47,994,0.8,190,0,1,1,1,0,0
822,16,1.4,8,2,7,645,851,13,4,43,2749,0.3,189,1,1,0,1,0,1
685,11,0.5,6,0,15,79,633,5,4,12,793,0.5,121,1,1,0,1,0,0
1388,3,0.6,5,12,19,153,972,14,0,17,324,0.6,174,1,1,0,0,1,1
1972,17,2.1,3,2,14,480,748,5,3,48,366,0.6,188,0,0,1,0,0,1
1411,7,1.7,7,9,17,700,1234,17,3,57,1228,0.5,80,0,1,1,0,1,1
1094,16,2.3,1,2,5,221,610,7,0,20,1413,0.9,135,1,0,1,1,0,0
1653,18,0.7,4,1,15,1585,1896,16,4,13,2617,0.5,114,1,0,1,1,1,1
916,5,2.0,7,9,20,65,1867,11,5,33,1798,0.7,142,1,0,1,0,0,1
1712,5,0.8,7,1,6,556,816,7,1,29,2693,0.3,149,0,0,1,0,0,1
882,15,0.9,8,13,14,224,764,17,14,32,2437,0.8,103,1,1,1,1,0,0
632,3,1.2,2,6,10,705,992,16,4,33,837,0.5,101,0,0,0,0,1,1
1442,8,0.5,3,0,3,709,1695,6,0,56,2815,0.4,165,1,1,1,1,0,0
900,4,1.9,8,11,14,97,663,14,2,47,1440,0.2,150,0,0,1,1,0,1
1630,4,0.6,7,4,10,1131,1360,17,6,20,3470,0.9,153,1,1,1,0,0,1
1596,2,1.4,5,6,15,359,1022,18,15,24,1251,0.3,174,1,1,1,1,0,1
1272,14,0.5,8,9,11,1813,1871,10,6,54,3181,0.6,133,0,1,0,1,1,1
1640,7,2.5,4,1,2,839,1788,9,1,7,1361,0.2,135,1,0,1,1,0,0
1111,2,1.4,7,10,14,550,666,13,5,15,1630,0.5,198,1,0,0,1,0,1
1889,2,2.9,2,15,17,443,755,9,6,25,3689,0.3,90,0,1,0,1,0,1
1907,6,1.1,8,1,4,502,1113,11,2,22,3586,0.1,80,1,1,0,1,0,1
529,7,2.5,4,5,6,130,647,10,0,56,3942,0.3,139,1,0,0,1,0,0
578,7,0.5,6,3,5,19,667,5,0,38,1431,0.7,121,0,0,0,0,1,1
1634,20,2.3,1,2,7,386,636,12,0,39,2167,0.4,164,1,1,1,1,1,1
1533,9,1.2,3,1,15,22,1345,9,2,22,1248,0.6,172,1,1,0,0,1,1
660,15,0.6,3,5,6,49,1552,8,0,47,1986,0.1,83,0,0,1,0,1,1
1847,18,1.6,4,10,14,1497,1508,5,2,28,1378,0.2,111,0,1,0,1,1,1
1206,20,0.5,8,6,20,1327,1361,5,1,10,2959,0.8,134,1,1,0,1,0,0
549,19,0.5,5,3,5,555,1386,5,2,53,1893,0.8,173,0,1,1,1,1,1
1705,20,2.8,3,2,20,1560,1808,8,6,23,1676,1.0,122,0,1,1,1,1,1
1366,19,0.5,1,4,16,346,702,17,13,36,1912,0.1,185,1,0,0,1,0,0
1991,7,0.5,5,5,6,912,1660,10,5,58,1947,0.6,109,0,0,0,1,0,1
1102,4,1.2,3,5,14,756,882,15,12,40,2734,1.0,175,0,1,1,0,1,1
1452,12,1.1,3,3,5,699,1704,16,1,32,3617,0.5,175,0,0,1,0,1,1
1810,10,1.1,1,6,19,582,1752,18,10,63,3414,0.9,151,1,1,0,0,0,1
1166,11,2.2,7,2,4,680,1078,19,11,41,482,1.0,165,1,1,1,1,1,1
881,17,0.8,6,5,12,814,1015,18,1,6,2813,0.4,117,1,1,0,1,0,1
1134,20,0.5,5,0,0,672,1597,13,7,64,661,0.5,166,1,1,0,0,1,1
1031,12,2.0,1,1,4,450,911,9,6,20,2546,0.7,177,1,1,0,1,1,1
1376,2,2.4,6,0,1,757,1371,5,0,34,3922,0.4,167,1,1,0,0,1,1
1391,10,1.4,5,2,8,208,900,15,8,56,1199,0.1,137,1,0,1,1,1,1
979,20,2.1,5,6,16,1194,1256,7,2,24,3779,0.6,124,0,0,1,0,0,0
1075,20,1.9,4,0,3,1335,1427,8,3,36,3870,0.6,127,0,1,1,0,0,1
968,11,0.5,8,13,16,91,1585,8,7,61,858,0.1,168,1,0,1,0,1,1
1999,12,0.5,8,1,11,33,653,19,17,15,3840,0.7,183,1,0,0,1,1,1
1626,6,2.7,2,3,17,1095,1499,8,4,20,454,0.1,164,0,0,1,0,0,1
942,7,1.7,8,14,20,336,797,13,11,28,3953,0.8,153,1,0,0,1,0,0
1182,6,1.7,3,4,20,659,661,14,3,42,1633,0.9,189,0,0,0,1,1,1
1982,9,0.8,6,9,16,183,709,10,4,48,3035,0.4,98,1,1,0,1,0,1
1373,9,1.4,8,3,6,652,1100,14,0,27,966,0.6,80,1,0,0,1,0,0
1151,10,1.7,8,8,17,410,1014,7,4,44,1761,0.5,107,1,0,0,0,0,1
1650,3,2.1,5,6,15,440,1416,14,0,51,1938,0.9,99,1,1,1,1,0,0
1663,5,0.6,4,0,2,532,886,14,1,17,2820,0.7,152,1,1,1,1,0,1
1965,20,0.5,7,0,17,1373,1949,6,0,3,305,0.9,168,0,1,0,0,1,1
679,6,0.9,4,0,1,773,920,19,7,41,2838,0.3,154,1,0,0,1,0,0
1465,12,2.5,5,2,8,965,974,8,2,3,2042,1.0,90,0,0,1,1,0,0
1809,12,2.2,5,3,19,568,1864,11,10,27,700,0.3,137,1,1,0,0,0,1
757,15,2.4,8,8,17,652,1157,19,3,26,2593,0.2,164,1,1,0,1,1,1
1034,9,0.7,6,7,15,214,1463,8,1,47,1835,0.2,105,0,1,0,0,1,1
1119,5,2.5,4,9,19,423,1003,15,4,23,3121,0.8,81,0,1,1,0,0,0
559,2,0.5,4,0,5,537,627,14,1,24,2023,0.8,103,1,1,0,0,1,1
1204,18,1.8,8,9,15,667,1872,10,5,19,737,0.8,113,0,1,0,0,0,0
1008,18,2.3,8,4,19,491,692,11,7,15,450,0.4,89,1,0,0,0,1,1
1397,4,2.7,7,4,13,1037,1829,12,2,19,2928,0.5,146,1,1,0,0,0,0
697,8,0.6,4,0,6,325,610,14,8,34,1694,0.1,114,1,0,0,1,1,1
1939,6,1.3,2,5,17,49,974,11,6,58,2593,0.3,174,0,1,0,1,0,0
1039,10,1.9,1,2,5,1324,1945,9,2,15,745,0.7,113,1,0,0,0,0,0
1605,10,1.3,4,1,20,597,921,11,9,51,1310,0.8,83,0,1,1,1,1,1
1094,20,1.6,8,2,4,765,836,9,3,34,2743,0.6,128,1,0,0,1,0,0
769,11,0.5,3,1,9,470,1115,12,10,30,3976,0.8,190,1,1,0,1,1,1
861,2,0.6,2,0,13,653,1062,18,14,40,3931,0.1,132,1,1,0,0,0,0
504,15,0.9,2,4,16,463,1609,17,15,63,3455,1.0,169,1,0,0,1,0,0
1930,6,1.6,4,5,17,325,1205,5,1,64,1533,0.3,119,1,1,0,1,1,1
1795,2,0.6,2,10,16,855,910,18,17,52,3876,0.3,140,1,1,0,0,0,1
1363,11,1.6,7,3,6,912,1684,11,5,2,3239,0.9,159,1,0,0,0,1,1
1376,13,2.8,2,3,4,492,1110,13,2,38,3628,0.1,195,0,1,0,0,1,1
1981,2,0.5,7,2,3,605,769,15,0,19,3663,0.4,123,0,1,0,0,0,1
1901,5,2.7,3,4,17,401,1989,16,10,62,1786,0.7,133,0,0,1,1,0,0
1319,3,1.3,8,10,17,366,1821,14,6,5,3502,0.1,140,1,0,0,0,0,1
859,2,2.7,1,5,16,1225,1358,10,4,58,815,0.4,178,0,1,0,1,0,1
1664,11,2.1,3,10,11,573,856,9,3,25,275,0.1,147,0,1,1,1,0,1
955,18,0.5,1,0,1,261,538,15,3,62,3758,0.4,151,1,0,1,1,0,1
517,2,1.5,7,3,4,680,1138,11,5,38,2747,0.1,97,1,0,1,1,0,0
1806,6,1.1,5,2,7,280,683,7,6,64,1809,0.3,133,0,0,1,1,1,1
1348,20,0.8,4,6,11,565,1443,12,8,50,2086,0.1,123,0,0,0,0,1,1
1455,7,1.4,1,0,1,1379,1673,14,2,16,444,0.4,164,0,0,1,0,0,0
1611,8,1.7,5,5,18,949,1297,9,1,25,3467,0.6,92,1,0,1,1,0,1
1573,17,3.0,8,3,5,703,911,5,3,24,2776,1.0,125,1,1,1,1,1,1
557,7,0.5,5,0,1,1264,1682,12,2,23,3170,0.5,197,0,0,1,0,1,1
1599,9,0.5,2,4,5,1816,1917,11,10,31,1234,0.1,130,0,1,1,0,0,0
1051,3,0.9,7,0,9,108,894,12,0,16,305,0.1,100,1,1,1,1,0,1
1857,20,1.4,2,0,0,1328,1743,15,10,14,1745,0.9,102,1,1,0,0,0,0
1986,12,0.5,6,6,9,797,1061,5,3,24,1707,0.9,174,0,0,0,1,0,1
591,13,0.7,6,1,7,361,555,11,10,21,2220,0.1,185,0,1,1,0,0,1
1140,9,1.6,7,0,4,1049,1715,6,5,56,3130,0.3,131,1,0,0,1,1,1
923,9,0.6,2,0,3,357,1718,18,9,10,1500,0.8,80,0,1,1,0,1,1
1582,18,0.5,1,0,9,197,764,9,7,33,2145,0.4,200,0,0,1,1,0,1
723,8,0.5,8,5,14,906,1801,5,0,63,488,0.5,172,0,0,0,1,0,1
1251,14,3.0,5,3,4,806,1405,6,1,54,3863,0.8,83,1,1,1,0,1,1
574,9,1.0,2,4,7,924,1498,14,0,60,2913,0.1,139,1,1,0,0,1,1
948,15,0.5,2,5,10,223,1148,12,7,60,2094,0.2,116,1,1,1,1,1,1
1571,17,2.8,5,4,5,140,718,8,1,44,3141,0.4,194,1,0,0,1,0,0
564,2,0.5,1,2,6,113,863,13,6,33,2573,0.6,192,0,1,1,1,0,0
1466,4,2.4,6,14,18,1531,1727,18,15,57,2340,0.9,155,1,0,1,0,1,1
597,5,3.0,2,0,0,35,708,12,0,16,3788,0.5,140,1,1,0,1,0,0
895,15,2.5,7,10,14,1524,1691,11,5,9,3445,0.5,148,1,1,0,0,1,1
1535,15,2.5,4,13,16,838,1667,6,0,37,3241,1.0,82,1,0,0,1,1,1
1832,9,0.7,2,7,17,495,596,19,3,44,2976,0.3,125,0,1,0,0,0,0
1045,11,1.6,4,0,12,1212,1772,19,15,58,2241,0.2,177,0,1,1,0,1,1
1483,20,0.8,1,4,10,655,814,11,8,61,3843,0.6,128,0,1,0,1,1,1
976,6,2.0,7,0,14,496,797,8,2,5,3261,0.9,184,0,0,1,1,1,1
1840,16,1.1,4,0,2,800,1521,8,4,46,3264,0.1,123,1,1,1,0,0,0
1807,20,0.6,8,0,15,1010,1425,11,1,8,826,0.1,89,1,0,0,0,0,0
624,10,1.6,2,14,16,102,1052,16,1,30,1314,0.1,192,1,1,1,1,0,0
1963,10,0.5,3,7,15,948,1406,7,0,38,2699,0.4,193,0,0,1,0,1,1
1307,19,0.5,4,0,1,82,1236,8,4,4,2565,0.3,132,0,1,1,1,1,1
1933,19,0.5,7,6,7,1286,1846,13,10,23,3973,0.1,102,1,1,0,1,0,0
1496,6,1.3,2,0,5,264,995,15,14,42,3537,0.9,124,1,1,0,0,0,1
1532,7,2.0,2,0,10,75,834,5,4,7,3449,0.2,134,0,1,1,1,0,1
1004,20,1.1,2,7,9,461,919,14,13,8,3895,0.8,97,1,0,1,0,1,1
1483,16,1.2,5,10,14,321,1410,17,9,38,2777,0.1,87,1,1,1,0,1,1
945,5,2.4,2,3,11,120,1341,19,14,47,2904,0.4,141,0,0,0,0,0,0
1081,16,3.0,5,7,17,174,1683,17,15,17,3774,0.1,89,0,0,1,0,1,1
1012,10,2.8,3,6,14,1341,1997,17,5,32,3034,0.9,87,1,0,1,0,1,1
1762,15,1.0,3,5,12,1337,1684,19,18,50,2940,0.9,104,0,0,0,1,0,0
796,5,2.3,8,1,14,494,935,5,1,36,3932,0.3,127,1,1,1,1,1,1
1547,17,2.5,5,12,16,849,1024,17,2,50,1168,1.0,98,0,0,1,1,1,1
988,17,1.6,4,6,8,644,1291,9,1,12,376,0.8,132,0,0,0,1,1,1
1180,13,3.0,1,7,16,1557,1985,9,5,43,3510,0.8,102,0,1,1,1,1,1
852,9,1.9,2,3,4,376,872,14,9,3,542,0.5,161,0,1,0,1,1,1
607,12,0.8,7,1,3,151,532,12,1,18,550,0.2,146,0,1,0,1,1,1
1765,4,0.5,1,0,0,450,830,5,1,24,791,0.4,135,0,0,0,1,0,1
1250,7,0.5,1,18,19,1336,1532,13,6,63,1895,0.7,165,0,0,1,0,0,0
1577,20,2.6,5,0,0,1411,1718,6,0,55,609,0.5,109,1,0,1,1,0,1
1153,14,0.5,5,5,6,742,1236,19,10,14,263,0.2,135,1,1,0,1,0,1
651,19,0.7,7,0,5,1046,1414,13,4,35,2141,0.4,113,0,1,1,1,0,1
1186,17,2.3,4,1,7,85,1012,18,9,25,1270,0.1,88,1,1,1,0,0,0
1429,18,2.5,5,6,7,889,1846,11,6,33,403,0.1,121,0,1,1,1,0,1
556,2,0.9,8,4,12,182,688,13,12,10,2040,0.8,135,0,0,0,0,1,1
1735,8,2.7,3,5,8,282,1261,16,12,21,2597,0.1,126,0,1,0,1,1,1
1859,16,0.7,2,8,16,1168,1612,19,7,42,714,0.1,127,0,0,0,1,1,1
915,14,1.3,2,3,5,74,1266,13,3,10,423,0.1,188,0,0,1,1,0,0
890,17,0.5,1,5,10,457,1134,6,2,9,1238,0.4,113,0,0,0,1,0,0
758,18,2.8,3,13,18,1842,1896,9,5,48,926,0.7,101,0,0,0,0,0,0
541,5,2.1,7,0,4,103,1039,14,0,28,2704,0.4,156,0,0,1,0,1,1
586,5,2.9,8,6,17,1470,1644,5,2,33,2817,0.2,195,1,0,1,1,1,1
762,8,0.6,1,11,14,1065,1686,12,7,39,2271,0.7,164,1,1,1,0,1,1
683,19,0.5,7,0,3,1466,1754,6,5,9,1513,0.8,186,1,0,0,0,1,1
1526,19,0.7,3,10,20,563,1439,10,9,39,339,0.4,125,1,0,0,1,0,1
1771,16,2.4,2,6,9,460,1203,9,1,39,794,0.7,188,0,1,1,1,0,1
639,12,1.3,7,5,16,983,1369,6,2,28,391,0.9,113,0,0,0,1,0,0
1783,11,0.9,2,7,8,1114,1953,9,5,23,541,0.9,137,0,1,1,0,1,1
1933,13,1.2,5,16,20,729,1248,10,7,55,648,0.2,166,0,0,1,0,1,1
1384,2,1.3,1,3,5,1240,1393,19,1,62,3386,0.4,153,1,0,1,0,1,1
1770,14,2.6,1,12,17,98,1724,18,6,26,1651,0.5,80,0,0,0,0,0,0
1202,7,0.8,1,2,8,197,1435,15,13,49,1177,0.5,131,0,0,1,1,0,1
885,13,0.5,7,2,8,813,1666,5,1,3,2887,0.5,163,1,0,0,1,0,0
1629,18,2.3,6,2,19,1055,1200,19,10,2,2178,0.8,86,0,1,1,0,1,1
1072,13,0.5,1,6,12,1019,1640,7,5,4,2878,0.5,92,1,1,0,1,1,1
1863,19,2.5,5,0,1,159,618,5,4,64,3201,0.7,89,1,1,1,0,0,1
1739,9,2.3,4,1,15,406,691,5,1,51,1490,0.4,140,1,0,1,1,0,0
895,7,2.5,5,2,3,26,663,16,14,23,2724,0.5,98,0,1,0,0,0,0
1278,6,2.8,1,0,7,406,1698,9,5,56,3032,0.6,179,1,1,0,1,0,0
562,17,1.1,6,1,17,918,991,13,12,43,3352,0.3,141,1,1,1,0,1,1
1249,17,2.1,5,0,10,940,1290,19,7,38,3195,0.8,193,1,1,0,0,0,0
1811,2,1.2,6,18,19,1411,1443,10,6,25,1677,0.8,185,0,0,1,0,1,1
560,16,2.9,5,1,19,465,1797,13,0,12,2620,1.0,161,1,1,1,1,1,1
1773,15,0.5,7,14,20,847,1562,17,4,61,1061,0.1,141,0,1,0,1,1,1
1715,8,2.1,3,5,10,314,1276,16,5,11,1018,0.4,100,0,1,1,1,0,1
725,9,0.5,5,0,1,829,960,7,6,26,1370,0.8,176,1,0,1,1,1,1
800,6,2.2,6,5,9,185,1008,17,16,41,2094,0.1,103,0,1,0,1,1,1
1300,19,0.5,3,6,12,589,1815,15,4,43,2790,0.1,156,0,0,0,0,1,1
1001,11,0.8,5,0,0,471,655,10,2,48,1485,1.0,98,0,0,1,1,0,1
500,7,1.3,4,13,17,1384,1912,19,7,64,2807,0.9,134,1,0,0,1,0,0
1378,7,2.5,3,4,7,13,641,5,1,52,3528,0.5,184,1,1,0,0,1,1
951,7,2.4,8,1,20,897,1964,19,4,24,3391,0.1,147,0,1,0,0,1,1
1038,2,0.5,6,1,2,83,1103,5,4,48,1073,0.2,99,1,1,0,1,0,0
987,17,1.2,6,1,5,237,1427,7,4,20,2811,0.9,108,1,1,0,0,0,1
1698,3,0.5,7,6,7,614,1254,7,3,21,778,0.1,196,0,0,1,1,1,1
1762,10,0.9,4,14,17,647,801,9,3,11,3628,0.1,107,1,1,0,1,0,0
785,16,2.4,3,6,13,223,1366,12,8,16,2637,0.2,135,0,0,0,0,0,0
1851,5,2.4,3,2,18,278,1198,10,0,59,2892,0.1,151,1,0,1,0,0,1
1698,19,0.5,3,2,13,1459,1565,11,2,62,2805,0.4,189,1,0,0,1,0,0
1976,14,2.8,8,0,1,1146,1436,5,1,4,804,0.8,93,0,0,1,0,0,0
1649,19,0.5,4,4,11,261,1316,12,7,53,361,0.4,162,0,1,1,1,1,1
1157,9,2.6,7,4,6,878,1737,17,10,4,1453,0.9,149,1,1,0,0,0,1
1702,5,0.5,5,1,2,1112,1578,13,12,54,359,0.4,131,0,0,1,0,1,1
1040,20,0.6,2,0,5,458,959,15,5,54,3886,0.3,199,0,1,1,1,0,0
790,2,2.1,6,2,11,521,1996,11,2,29,557,0.7,106,1,1,1,1,1,1
1429,9,2.9,4,2,3,417,983,15,1,58,2005,0.2,128,0,0,1,0,0,0
739,11,3.0,8,14,20,134,1696,17,2,56,630,0.7,103,0,1,0,0,0,1
1364,18,1.6,7,6,8,615,1142,9,3,44,2741,0.1,174,1,1,0,1,1,1
1580,19,2.8,8,0,7,1017,1092,12,9,45,2214,1.0,196,1,0,0,1,0,0
1384,13,2.2,1,0,0,725,1741,13,3,49,1387,0.7,189,1,1,1,1,0,1
1037,9,2.9,6,2,5,749,965,16,13,57,3148,0.7,83,1,0,0,0,0,1
1519,7,1.5,1,12,14,868,1637,5,0,43,853,0.1,183,0,0,1,1,0,0
989,10,0.5,1,15,16,68,947,17,5,20,3614,0.4,153,0,0,1,0,0,1
1040,18,0.5,3,3,18,299,608,12,7,41,1006,0.8,116,1,1,0,1,0,0
1240,15,1.4,5,3,7,477,1319,14,9,9,3959,0.9,93,0,1,0,0,1,1
1273,13,2.0,1,15,16,288,706,12,7,7,1743,0.9,143,0,1,1,0,1,1
1784,2,0.5,4,8,9,1145,1680,15,13,28,2192,0.3,171,0,0,0,0,0,1
1169,13,1.4,7,7,19,515,720,14,6,51,329,0.1,177,1,1,0,1,1,1
703,11,2.4,1,1,6,47,1820,12,4,27,502,0.1,138,0,1,1,1,1,1
959,15,1.0,5,5,9,121,934,15,0,15,3000,0.4,119,0,1,1,1,1,1
1292,10,3.0,6,1,8,452,1309,13,2,63,1413,0.3,157,1,1,1,1,1,1
1927,8,2.1,6,0,1,603,1228,15,10,5,2913,0.9,139,0,1,0,0,0,0
1477,8,1.7,8,1,5,1381,1459,18,13,15,2684,0.4,178,0,1,1,1,0,1
1759,9,0.5,2,9,12,510,615,17,0,58,3428,0.2,101,1,0,1,0,0,1
831,5,2.2,3,0,1,1460,1591,8,1,31,1629,0.3,197,0,0,1,0,1,1
1803,20,1.1,2,1,10,102,613,14,1,41,1873,0.2,146,1,0,1,1,1,1
1361,19,0.6,3,0,2,174,574,18,6,64,3751,1.0,91,0,0,1,0,1,1
1183,16,1.4,1,1,4,884,1475,12,6,32,637,0.8,197,0,1,0,1,0,0
917,7,1.3,5,0,1,750,1339,12,6,53,603,0.2,166,0,1,0,1,0,1
1278,4,0.5,5,2,3,319,587,10,2,7,3067,1.0,192,1,1,1,1,0,1
1247,15,0.5,7,0,5,901,1447,16,3,28,3268,0.4,191,0,1,1,0,0,0
930,2,1.0,7,5,15,775,1224,13,0,40,3816,0.8,128,1,0,1,1,1,1
1019,11,1.7,3,0,8,889,1840,10,5,5,1850,0.7,177,1,0,0,1,1,1
1855,19,0.8,4,0,0,986,1339,8,7,26,3481,0.8,161,0,1,1,1,1,1
1730,17,0.5,3,4,7,283,1151,19,5,54,1695,0.7,93,1,0,1,0,0,0
1972,10,2.2,3,4,19,955,1781,10,1,5,625,0.9,95,1,0,1,1,1,1
1887,15,2.3,2,4,7,178,1275,7,5,35,3203,0.9,115,1,0,0,0,0,1
1590,3,1.9,6,0,1,759,1187,19,0,13,2440,0.4,111,0,0,0,1,0,1
603,11,2.7,8,0,0,746,754,14,10,42,1934,0.2,135,0,1,0,0,1,1
560,7,2.1,4,11,14,237,551,15,9,37,3278,0.6,121,0,1,1,0,1,1
1981,14,1.6,5,10,20,929,1552,11,4,34,3764,0.1,117,1,1,0,1,0,1
1190,5,2.1,6,0,2,644,1070,6,5,18,3571,0.6,160,0,1,0,0,1,1
1396,9,0.8,4,7,16,646,1721,13,0,10,3881,0.3,108,1,1,1,1,1,1
1598,14,1.7,1,0,1,371,783,14,9,57,1663,0.9,89,1,1,0,1,0,1
1692,10,2.2,3,5,7,1256,1386,5,2,11,524,0.1,151,0,0,1,0,1,1
628,12,0.5,8,0,2,389,517,13,10,26,1853,0.5,106,0,1,1,1,1,1
1883,9,0.7,6,1,4,123,1320,8,0,6,2067,0.9,145,1,0,0,1,0,1
819,16,0.5,1,5,10,663,1788,15,5,16,3325,0.1,163,0,1,0,0,1,1
651,20,1.6,1,0,6,1268,1423,19,10,7,2151,0.6,129,1,0,1,1,1,1
723,11,1.1,2,2,9,98,1175,13,6,27,2044,0.7,145,0,0,1,0,0,0
1367,9,0.9,4,2,20,721,1210,16,9,58,3946,0.6,184,0,1,0,0,1,1
1784,8,1.4,5,1,5,1424,1672,10,5,3,2110,0.3,125,0,1,0,1,1,1
1744,7,0.9,7,5,9,915,1554,17,4,35,656,0.3,137,1,1,0,0,1,1
1086,16,2.5,6,11,14,635,1839,18,0,7,3297,0.5,116,0,0,0,0,0,1
899,9,1.7,8,0,0,167,1239,14,11,3,1296,0.1,165,1,0,0,1,1,1
896,13,0.8,6,3,10,135,820,16,6,29,1650,0.5,91,0,0,0,0,0,1
1714,11,1.6,8,9,19,991,1274,18,10,59,2546,0.5,186,1,0,1,1,1,1
1395,6,0.6,6,5,16,896,1501,5,4,38,915,0.3,167,0,1,1,0,0,1
786,2,1.8,1,2,7,3,1058,14,2,28,331,0.5,198,1,0,0,1,0,1
1687,10,1.2,2,4,14,924,1461,19,3,14,3975,0.9,120,1,0,1,1,0,0
669,10,2.6,5,18,20,1300,1834,6,2,10,2801,0.6,171,1,1,0,0,1,1
1423,8,2.1,4,1,18,633,1371,8,2,51,3331,0.8,178,0,1,1,0,0,1
1600,19,2.0,1,5,8,735,1205,8,3,44,2939,0.1,98,1,0,1,1,0,1
1621,20,0.6,7,14,16,213,1120,12,3,59,2706,0.7,160,1,1,0,0,0,1
1672,8,1.9,7,10,15,495,839,7,1,37,1335,0.3,194,0,1,1,1,0,0
1934,2,2.7,4,9,18,475,853,7,6,48,3370,0.1,128,0,0,0,1,1,1
1650,10,0.6,3,0,15,1305,1918,5,2,62,2596,0.3,81,0,1,0,0,0,0
1700,3,0.5,5,1,2,382,1151,9,8,33,2477,0.8,189,1,0,0,1,0,0
1550,14,2.0,5,1,2,572,1499,10,1,29,3465,0.6,171,0,1,1,0,1,1
626,14,1.9,2,4,6,16,1410,15,10,8,2589,0.2,185,0,0,1,1,0,0
1737,10,2.0,5,0,2,1028,1757,8,0,14,2363,0.4,156,1,1,0,1,0,1
1370,3,1.7,1,1,7,482,1689,7,3,6,1302,0.7,113,0,0,0,1,0,0
1899,14,0.8,4,15,16,1200,1345,5,1,14,1677,0.4,191,1,1,0,1,0,0
848,18,0.6,5,0,1,299,756,15,6,31,1108,0.7,123,0,1,1,0,0,1
1430,10,2.0,4,0,1,696,757,6,3,16,2916,0.2,171,1,1,1,0,1,1
768,12,0.5,4,1,16,1164,1376,6,1,45,3947,0.1,175,1,1,1,0,0,1
1856,13,1.9,3,9,14,450,714,7,1,15,1514,0.5,160,1,1,1,0,1,1
900,2,0.5,4,11,12,164,708,13,5,64,942,0.7,149,0,1,1,0,1,1
1729,7,2.3,7,0,8,77,1910,8,2,38,700,0.2,136,1,0,1,1,0,1
1533,8,2.8,1,3,13,1316,1618,10,2,42,3246,0.2,87,0,1,1,0,0,0
1210,20,2.3,6,0,4,51,1761,14,6,63,977,0.9,141,0,1,0,0,0,1
1880,17,1.8,8,1,4,1664,1708,19,16,10,3538,0.5,198,1,1,0,1,1,1
996,16,0.5,7,14,15,400,989,11,10,61,1235,0.8,174,1,0,1,1,0,1
1175,18,3.0,5,12,18,812,1251,15,14,40,1507,0.1,172,1,0,1,0,1,1
1773,20,0.5,5,7,13,831,1170,16,9,33,1994,0.3,143,1,0,0,0,0,1
1263,15,2.4,5,11,14,12,1857,12,5,54,458,0.6,100,1,0,0,0,1,1
1956,10,1.2,4,10,11,870,1753,7,3,5,2130,0.8,156,1,0,1,1,1,1
992,13,1.6,4,10,14,106,767,15,9,27,3894,0.3,162,1,0,0,1,0,1
911,11,1.7,5,1,2,713,760,13,6,13,1843,0.3,126,0,1,0,1,1,1
1979,20,0.5,3,15,19,669,1311,12,1,54,3151,0.3,136,1,0,1,1,0,1
1899,11,0.5,4,0,0,1359,1981,7,4,55,1796,0.3,93,1,0,0,1,1,1
1649,3,0.8,3,1,3,177,586,15,9,40,2755,0.1,159,1,1,0,1,1,1
1095,12,1.8,6,9,15,354,1827,12,2,47,1334,0.3,152,1,1,0,1,0,0
1074,12,0.7,4,0,11,305,1770,7,1,61,2791,0.6,117,0,0,0,1,1,1
656,14,2.7,2,0,0,303,508,5,0,48,1132,0.2,164,1,0,0,0,1,1
1394,4,2.7,3,7,9,215,1018,15,7,8,730,0.8,150,1,1,1,1,0,0
1632,19,1.1,4,2,3,22,1256,18,13,45,379,0.8,132,0,1,0,0,1,1
1225,15,2.9,3,13,17,1324,1490,12,4,35,1261,0.5,128,0,0,0,0,0,0
1337,15,2.4,6,0,2,819,1129,10,5,48,3213,0.9,107,1,1,0,0,0,0
1178,4,1.1,2,0,1,1549,1661,17,10,11,2106,0.5,98,1,1,0,1,1,1
1269,12,1.5,4,1,19,410,1782,15,6,51,827,0.7,180,1,0,1,0,0,1
1526,18,1.2,4,7,12,1152,1592,19,3,32,647,0.5,128,0,1,0,1,1,1
986,7,0.7,8,7,9,234,628,8,5,16,300,0.4,144,1,0,0,1,1,1
848,3,0.5,2,1,2,388,1015,6,3,41,3939,0.2,171,1,0,1,0,1,1
1904,6,0.5,4,8,13,636,828,8,0,14,2091,0.5,95,1,1,1,1,0,0
803,18,2.2,1,0,0,199,736,17,12,16,1492,0.1,105,1,1,0,0,0,1
1399,19,1.9,1,1,15,130,611,17,2,56,3128,0.3,153,1,1,1,0,0,1
788,12,1.5,4,0,6,1114,1732,13,10,22,3750,0.5,163,1,1,0,1,1,1
579,10,1.1,1,6,9,786,1685,18,9,58,1435,0.2,125,0,1,0,0,1,1
1010,7,0.7,8,4,5,117,841,14,2,28,3302,0.5,195,1,0,1,0,1,1
530,2,0.5,3,0,2,463,912,19,8,47,3455,0.5,93,1,1,1,1,0,1
1289,14,1.8,7,1,14,173,548,9,3,64,2782,0.6,125,0,1,0,1,0,0
1877,7,0.5,8,4,6,134,610,6,0,10,3969,0.9,123,0,1,0,1,0,0
1764,20,2.7,7,11,17,444,581,19,10,48,1589,0.9,90,0,0,1,1,1,1
1709,3,2.2,6,1,6,74,516,16,13,13,3899,0.6,191,1,0,0,1,1,1
1690,6,1.3,3,0,1,1304,1332,18,2,28,3571,0.9,85,1,0,0,1,0,1
600,5,2.5,4,3,10,584,714,17,6,9,2800,0.2,145,1,0,1,0,0,0
743,13,0.5,2,9,10,670,1070,9,3,53,2938,0.3,149,0,0,1,1,1,1
1850,10,2.2,8,9,13,27,518,8,1,41,3032,0.8,133,1,0,1,1,0,1
1297,12,0.5,1,12,14,559,813,19,4,17,3652,0.1,196,1,0,1,1,0,0
1706,20,1.8,5,10,13,716,1440,5,3,44,3238,0.2,137,1,0,0,0,1,1
1967,3,0.5,5,11,16,931,1726,16,0,23,325,0.6,135,0,0,0,1,1,1
1392,13,0.5,2,6,9,573,1468,12,8,63,3850,0.5,181,1,1,1,0,0,0
1248,6,2.1,2,2,3,328,1378,11,0,12,1266,0.1,170,1,1,1,0,1,1
894,14,0.5,2,2,6,932,1576,9,4,27,3454,0.3,192,1,1,1,0,0,0
1829,12,0.5,3,2,20,383,1160,7,0,54,1634,0.6,98,0,0,0,0,1,1
1372,9,0.6,6,3,10,68,1998,18,5,42,3208,0.7,124,0,0,1,1,1,1
1429,2,1.0,4,7,8,436,813,7,5,11,1955,0.7,150,0,1,1,0,0,1
706,20,0.5,5,10,18,204,966,12,7,4,3735,0.8,190,1,0,1,1,1,1
649,18,1.9,4,0,12,1174,1388,11,5,51,3446,0.6,179,0,0,1,1,0,0
1137,7,0.8,3,3,18,537,620,13,4,7,946,1.0,122,0,1,0,1,1,1
1320,14,0.5,1,11,14,1034,1836,11,9,6,1626,0.2,164,1,1,0,1,1,1
792,20,0.8,4,7,16,371,888,15,2,48,1583,0.5,144,0,0,1,1,0,0
918,2,2.7,7,7,8,178,1850,6,2,25,3676,0.9,149,0,1,0,1,0,1
929,5,0.5,7,7,8,213,1714,15,2,13,1704,1.0,146,1,1,0,0,1,1
767,4,0.5,5,4,8,798,1955,9,1,30,3485,0.8,100,1,1,0,1,0,1
1739,8,2.6,8,9,10,86,1957,13,12,39,1882,0.5,135,0,0,1,0,0,1
1315,8,0.5,1,0,0,489,624,8,4,15,3928,0.4,134,0,0,0,1,1,1
1388,12,1.4,1,4,14,1338,1443,8,2,31,346,0.6,184,1,0,0,0,1,1
1981,15,2.5,4,1,2,128,1457,9,7,36,395,0.3,94,1,0,1,0,0,0
569,10,0.5,8,1,20,457,1555,17,10,53,1243,1.0,170,1,0,1,0,1,1
1930,8,1.3,1,2,9,678,1117,16,10,57,682,0.2,151,0,0,0,1,0,0
725,12,0.5,3,10,17,260,508,7,6,61,3074,0.8,108,0,1,0,1,0,0
1690,7,2.2,8,0,15,713,1092,6,4,51,451,0.8,130,0,0,0,1,0,0
712,10,1.4,4,1,5,163,799,15,0,33,1471,0.2,86,0,1,0,0,1,1
1603,5,0.5,8,8,9,1430,1622,15,10,37,1748,1.0,95,1,1,1,0,1,1
1850,9,2.8,8,0,3,633,1382,15,0,18,1853,0.1,132,0,1,1,0,0,1
1472,16,0.7,3,4,6,242,619,8,1,41,1514,1.0,145,1,1,1,1,1,1
1858,7,0.7,5,1,3,1154,1473,9,3,43,1886,0.2,167,1,0,1,1,1,1
1543,4,2.6,8,0,13,48,679,6,4,46,3023,0.8,116,1,1,1,0,1,1
652,16,2.8,6,4,11,416,1652,16,8,37,2904,0.8,174,1,1,0,0,0,0
546,10,1.8,6,6,12,493,1477,12,3,55,628,0.9,100,1,0,1,1,1,1
1408,19,1.4,8,1,3,621,692,9,1,6,1833,0.9,145,1,1,1,0,0,0
1021,17,1.5,7,3,10,189,1327,18,15,31,1066,0.1,97,1,0,1,1,1,1
567,4,1.4,2,14,15,152,1326,17,16,60,1150,0.1,111,1,0,0,1,0,1
1967,10,2.6,8,4,10,1355,1850,13,7,62,2839,1.0,91,1,1,0,0,0,1
1658,5,2.0,3,8,20,443,1100,7,1,61,2857,0.1,180,1,0,0,1,1,1
1088,15,3.0,7,2,4,86,588,19,16,52,1447,0.3,164,1,1,1,1,1,1
542,4,0.7,2,2,3,1674,1969,17,2,12,3445,0.2,185,0,1,1,1,1,1
788,19,1.6,1,6,20,530,1436,14,0,52,1941,0.1,96,1,0,1,0,1,1
576,12,2.5,5,10,15,1009,1656,11,5,57,2522,0.7,179,1,1,1,0,0,0
950,20,1.6,3,5,20,193,727,10,7,41,2932,0.5,188,0,1,0,0,1,1
518,7,0.8,3,3,7,564,765,7,3,17,2239,0.5,133,0,1,1,1,1,1
1996,4,1.9,7,4,8,890,1661,8,2,55,1852,0.3,81,0,1,1,1,0,0
1197,16,2.9,6,6,17,1516,1910,13,9,38,3525,0.1,83,0,0,0,0,1,1
1006,9,2.5,1,9,12,348,640,17,6,14,1955,0.7,186,1,1,1,0,0,1
1679,12,1.5,4,2,3,349,531,16,15,4,1557,0.1,133,0,1,0,1,1,1
1262,4,1.4,7,7,16,37,1018,5,1,64,3060,0.1,116,1,0,1,1,1,1
560,7,1.3,1,13,19,906,1189,16,1,29,2832,1.0,160,1,0,0,0,0,1
904,16,2.4,4,5,13,529,764,6,1,55,2008,0.6,158,0,0,0,0,1,1
1834,8,2.1,3,1,10,670,1179,15,3,55,2420,0.1,137,0,1,0,1,1,1
681,18,1.2,3,8,17,288,621,12,10,13,292,0.8,87,1,0,0,1,0,0
687,19,0.6,2,13,16,721,1620,19,4,14,1580,0.4,185,1,0,1,1,1,1
863,20,2.9,6,11,13,1060,1547,7,0,52,1345,0.8,119,0,0,0,0,1,1
518,9,2.7,6,0,15,564,739,10,9,45,1208,0.7,159,0,1,1,0,1,1
1488,2,1.8,4,0,0,765,777,17,6,2,3349,0.1,124,0,0,0,0,1,1
944,10,2.4,3,0,1,7,719,9,4,35,2804,0.5,127,0,0,1,0,0,1
1283,17,0.5,6,6,9,880,964,11,8,48,1182,0.5,176,1,0,1,0,0,1
817,14,1.0,4,13,17,1180,1790,19,6,40,436,0.8,140,1,1,0,1,1,1
804,7,2.6,1,2,18,638,939,16,1,49,2256,0.6,105,1,0,0,1,0,1
1883,10,2.6,5,2,3,313,561,17,8,50,427,0.1,169,0,1,0,1,1,1
1177,4,0.5,7,5,12,490,793,19,5,2,715,0.9,141,0,0,0,0,1,1
1765,10,2.0,4,7,8,791,1580,7,4,18,1199,0.9,85,0,1,0,0,0,1
1997,8,2.1,8,10,16,1130,1687,17,15,60,788,0.7,84,0,0,0,1,1,1
989,13,2.6,4,1,11,513,1089,13,10,14,507,0.2,148,1,1,1,1,0,0
1370,15,0.6,6,0,3,919,1113,5,4,56,974,0.5,124,1,1,0,0,1,1
861,12,0.5,7,0,1,1376,1864,15,1,64,600,0.8,105,0,0,1,0,0,0
1745,16,1.8,2,0,2,1070,1445,11,9,45,2352,0.1,110,0,0,0,1,0,1
1187,20,0.6,8,0,0,709,1306,14,12,4,2518,0.7,92,1,0,1,1,1,1
1422,2,1.8,1,12,13,1023,1223,9,7,3,3941,0.9,145,0,1,0,0,0,0
658,8,2.4,8,0,1,479,1300,19,2,38,2585,1.0,94,0,1,0,0,1,1
1180,10,2.3,2,0,1,1603,1762,17,7,32,3504,0.8,97,1,1,1,1,1,1
521,12,2.6,4,1,11,575,1089,6,5,64,834,0.8,200,1,1,1,1,1,1
666,9,1.1,1,1,13,157,1466,7,5,28,3850,0.9,179,0,0,1,1,1,1
805,3,1.5,2,0,3,522,553,15,13,25,1580,0.3,174,0,1,0,0,0,1
1008,18,2.9,6,0,5,565,1228,14,1,39,3589,0.9,161,0,1,0,1,0,1
986,8,2.8,8,0,9,0,1214,7,5,26,1316,0.1,80,0,0,0,0,1,1
1655,13,2.0,2,0,1,586,641,11,9,23,1872,0.6,192,0,0,1,0,0,1
1391,17,0.5,5,0,1,996,1521,8,0,53,1114,0.2,114,0,1,0,1,1,1
1042,7,0.5,3,11,20,98,569,17,7,13,1715,0.1,148,1,1,1,1,0,1
916,7,1.1,3,5,16,893,1132,8,5,44,2367,0.9,116,1,1,0,1,1,1
681,4,2.6,3,1,7,1262,1332,15,5,29,575,0.9,162,0,0,1,1,0,1
1224,3,1.1,6,1,3,1545,1751,13,5,34,2992,1.0,138,1,1,1,0,1,1
1234,8,2.1,3,4,17,797,1054,13,3,44,2819,0.4,107,1,0,0,1,1,1
1093,13,2.7,8,8,9,605,1966,13,2,63,3556,0.5,138,0,1,0,1,0,0
583,13,0.5,5,9,18,1673,1774,12,9,33,3236,0.9,136,0,0,0,0,1,1
1598,7,1.0,2,8,14,537,1233,12,2,49,1313,0.5,115,1,1,1,0,1,1
1988,20,2.8,3,3,16,1221,1981,7,6,34,2872,0.4,163,1,1,1,1,0,1
1746,15,0.5,7,9,19,754,790,18,17,51,1822,0.8,184,1,0,1,0,0,0
907,12,2.7,2,8,13,10,1881,8,5,53,3469,0.7,156,0,1,0,0,0,1
1472,14,0.5,1,3,4,438,690,14,0,53,2001,0.7,103,0,0,1,1,1,1
916,15,1.3,4,5,8,43,1012,9,8,10,3706,0.8,173,0,1,1,0,0,0
1427,10,0.8,1,2,20,934,1005,7,6,31,2542,0.9,186,1,1,0,0,0,0
1101,11,2.9,5,3,7,90,642,15,2,5,1567,0.5,141,1,1,1,0,0,1
723,16,0.5,4,0,0,263,514,17,6,36,2669,0.8,104,0,1,0,1,0,0
1403,4,0.7,1,4,5,257,551,16,10,32,2499,0.1,117,1,0,0,1,0,0
657,10,0.8,1,4,6,843,1260,15,12,45,2273,0.1,87,1,1,1,0,0,0
1688,18,0.8,1,0,2,48,1425,13,0,14,1773,0.9,118,0,1,1,1,0,1
1086,6,0.5,7,10,17,577,1296,7,5,35,421,0.6,125,0,0,0,1,0,1
876,18,1.1,2,2,3,524,1225,17,9,48,630,0.9,196,0,1,0,1,1,1
1065,19,0.5,6,0,1,776,996,5,1,25,1114,0.6,189,0,0,0,1,0,0
1235,20,1.5,8,3,16,633,1891,10,3,33,1623,0.1,164,0,0,1,1,0,1
1959,8,2.7,3,0,11,992,1418,14,7,2,2125,0.2,92,0,1,1,0,1,1
650,19,1.5,4,12,14,986,1291,8,6,48,1622,0.8,187,0,1,1,1,0,1
1465,10,2.9,1,0,7,478,613,14,10,38,1162,0.3,88,0,1,1,1,0,1
1030,12,0.9,1,6,7,174,624,5,4,29,3762,0.1,113,0,0,0,0,1,1
853,20,1.9,6,17,18,114,817,19,17,26,3069,0.5,94,1,1,0,0,1,1
744,18,2.2,4,6,7,268,600,7,5,52,1571,0.9,196,0,1,1,1,1,1
583,14,1.1,2,15,19,301,1111,14,6,24,3260,0.4,168,1,1,1,0,0,1
690,19,0.5,1,2,9,633,1240,16,10,62,3206,0.3,88,0,0,0,0,0,1
683,3,1.9,1,16,17,144,585,17,9,56,592,0.1,190,1,1,0,0,1,1
590,14,2.3,3,2,14,486,825,18,11,30,1188,0.3,178,1,0,0,1,0,1
1266,16,1.0,7,0,1,640,1357,11,10,2,3067,0.7,87,0,1,0,1,1,1
815,5,1.8,7,9,12,243,525,17,7,18,2131,0.9,83,0,1,1,0,0,0
1893,10,1.5,1,0,3,1133,1851,19,1,42,1425,0.5,179,1,1,0,0,1,1
1202,4,2.5,2,3,8,1900,1959,5,2,22,291,0.4,112,1,0,0,0,0,0
1577,16,1.5,8,16,17,523,573,13,6,3,3116,0.7,180,0,1,1,0,1,1
1234,19,2.9,1,8,12,1783,1891,7,4,44,2440,0.8,129,0,0,1,0,1,1
717,6,1.8,5,1,8,668,1587,6,5,25,3631,0.4,173,0,0,0,1,1,1
1074,15,1.5,4,5,13,269,597,16,10,35,1104,0.6,193,0,1,1,0,0,0
1439,2,1.2,1,11,20,794,1552,17,11,58,3069,0.2,183,0,1,1,0,1,1
983,4,1.6,8,7,8,205,963,14,0,55,1425,0.4,168,0,1,1,0,1,1
1988,11,2.5,4,7,11,615,937,13,7,63,2276,0.6,153,0,0,0,0,1,1
1692,3,1.3,3,0,12,1111,1898,9,4,25,3192,0.7,149,1,0,1,1,1,1
718,12,0.5,4,2,5,1226,1763,10,4,35,3021,0.9,181,1,1,0,1,0,0
1519,9,0.5,8,0,2,661,1852,18,11,36,3082,0.6,93,0,0,0,0,1,1
776,3,3.0,2,9,12,584,974,5,2,9,1346,0.5,110,1,0,0,1,0,0
881,5,2.8,1,1,6,1381,1444,19,10,36,2354,0.5,167,0,1,1,1,0,1
1018,13,0.6,7,0,2,292,616,12,8,25,732,0.8,152,1,0,1,0,1,1
1031,4,0.5,8,2,19,737,1404,10,4,31,2305,0.1,82,1,1,1,0,1,1
875,9,1.0,7,14,20,1289,1668,6,1,37,2985,0.6,151,0,0,1,1,0,1
1341,3,1.0,5,5,12,1434,1700,19,3,40,265,0.2,128,0,0,1,1,1,1
560,6,2.4,1,4,8,1338,1386,18,13,5,2050,0.3,106,0,1,0,0,1,1
1719,13,2.1,7,0,2,589,1637,14,0,63,1669,0.7,189,0,0,0,1,1,1
1703,17,1.6,8,16,17,178,1972,13,11,43,585,1.0,139,0,0,1,1,1,1
1408,8,1.8,1,1,2,716,1470,8,0,59,342,0.8,168,0,1,0,1,0,1
701,5,0.8,4,3,7,1063,1149,9,8,53,1972,0.2,87,0,1,0,0,0,1
1560,3,0.5,2,14,18,910,1908,17,7,47,1540,0.3,172,0,1,0,0,0,0
695,4,1.0,5,4,5,174,538,7,2,51,2463,0.8,93,0,1,1,1,0,1
1487,13,0.6,4,18,19,665,1072,11,9,6,3259,0.8,191,0,0,0,1,1,1
1546,15,2.7,7,3,14,1425,1594,16,7,55,3371,0.2,115,0,1,0,1,0,0
511,6,0.7,4,12,15,1291,1583,16,5,43,3370,0.4,120,0,1,0,0,1,1
507,7,1.1,1,5,6,535,897,18,7,33,2884,0.6,186,0,0,0,0,0,0
1490,8,1.1,2,2,7,1357,1826,16,1,10,2994,0.6,130,0,1,0,1,0,1
1859,10,0.5,1,0,2,651,966,15,12,52,1604,1.0,187,0,0,0,0,1,1
1257,12,1.8,5,3,10,1006,1533,15,8,31,2014,0.6,155,0,0,0,0,1,1
926,18,2.7,5,0,18,349,1594,5,4,29,2709,0.7,118,1,0,0,1,1,1
1303,12,0.5,4,2,5,740,1908,17,3,7,2865,0.6,98,0,0,0,0,0,0
657,14,1.6,5,0,14,1189,1545,17,14,35,3617,0.6,143,1,0,0,1,0,0
1812,13,0.9,3,9,16,299,1212,9,6,44,3814,0.2,197,1,0,1,0,0,1
1943,11,0.5,1,0,1,440,1126,5,2,29,1990,0.4,121,1,0,1,1,1,1
1082,12,0.9,7,4,9,425,761,16,0,24,1428,0.9,167,0,1,1,0,1,1
721,17,2.6,4,1,8,35,598,15,8,49,3473,0.6,168,0,1,0,0,0,0
654,16,1.5,1,2,4,441,520,7,2,56,2609,0.7,122,1,1,1,1,0,1
1948,5,0.7,2,2,7,968,1208,5,3,31,2070,0.4,122,0,1,0,1,0,1
1242,3,1.8,1,4,8,753,1785,18,11,56,2620,0.1,122,1,0,0,1,1,1
1453,11,0.5,1,0,1,29,1055,11,5,24,1619,0.3,156,0,1,0,1,0,1
1948,18,2.7,7,3,12,336,587,18,7,13,493,0.2,164,0,1,1,1,1,1
1232,13,0.9,6,5,6,1062,1393,14,8,58,2334,1.0,142,0,0,0,1,0,1
795,17,0.5,3,4,11,226,1737,12,8,55,3030,0.3,155,1,0,1,0,1,1
1915,20,0.5,4,4,17,923,1502,18,10,24,345,0.2,106,0,0,0,1,0,0
532,2,0.5,7,7,14,406,1249,7,6,51,1525,0.6,180,0,0,1,1,0,0
1899,15,0.5,5,4,7,781,1418,5,3,28,499,0.1,95,0,1,0,1,1,1
1767,7,2.0,5,5,8,461,556,13,8,31,3989,0.6,88,0,0,1,0,0,0
1667,12,2.5,3,17,20,211,1797,13,9,5,1496,0.8,119,0,1,0,0,0,0
1346,14,2.6,4,5,11,17,785,10,6,31,1287,0.3,140,1,0,0,1,0,1
958,18,2.4,7,1,2,121,630,11,10,54,3324,0.9,166,0,1,0,1,0,1
1391,12,1.5,3,6,18,491,1737,18,11,39,2367,0.9,88,1,0,1,0,1,1
1176,11,2.3,2,0,1,93,518,6,5,56,2974,0.7,103,0,1,0,1,0,1
1863,13,1.0,2,5,19,261,684,6,5,16,990,0.4,113,1,0,0,0,1,1
1911,4,1.1,7,3,4,236,1568,14,12,16,3665,0.7,154,1,0,1,0,1,1
1789,9,1.8,6,6,11,418,1740,5,0,36,815,0.5,123,1,1,1,0,1,1
972,10,1.6,1,2,9,550,890,13,7,64,2759,0.1,85,0,1,0,0,0,1
1256,19,0.5,1,3,9,396,644,7,6,8,2991,0.4,191,0,0,1,0,0,1
1846,10,1.3,6,0,0,1336,1432,16,4,35,581,0.7,107,1,0,0,1,0,1
1900,6,1.4,8,0,1,342,778,14,1,41,3611,0.4,112,0,0,0,0,0,1
769,19,0.6,4,19,20,263,1786,15,4,52,431,0.7,118,1,1,0,0,1,1
756,3,1.0,1,0,3,506,573,19,0,33,3402,0.2,177,0,0,1,0,0,1
1728,20,2.3,1,0,0,1029,1535,11,8,43,3480,0.7,152,1,0,1,0,1,1
1970,16,2.9,2,3,7,110,1454,13,2,9,768,0.2,163,0,0,0,0,1,1
1021,2,2.1,6,6,18,224,1360,13,12,47,2215,0.3,173,1,0,1,1,1,1
888,11,2.5,5,5,17,891,1432,5,1,14,1849,0.9,98,1,0,1,0,0,0
1419,6,0.5,7,0,1,727,1132,9,2,39,3435,0.2,189,0,0,0,0,0,0
1959,18,0.5,3,0,1,901,1027,14,1,30,3057,0.1,153,0,1,0,0,0,1
1394,16,0.6,6,1,2,1152,1245,19,18,63,1731,0.4,103,0,0,0,0,0,1
1715,15,2.5,7,2,3,1853,1971,19,9,30,768,0.9,134,1,1,0,0,1,1
588,14,2.9,6,1,5,185,923,5,2,40,2780,0.3,116,1,0,1,0,0,0
1607,15,0.5,2,2,9,243,1234,10,1,29,3469,0.7,105,1,1,0,0,1,1
1171,5,2.8,1,8,11,371,674,8,2,47,3092,0.4,192,0,1,0,1,1,1
1138,20,1.5,4,0,6,1315,1569,16,11,57,313,0.2,85,1,0,1,0,0,1
1096,14,1.2,4,3,13,614,1757,10,8,40,2931,0.6,113,1,0,0,0,0,1
906,12,3.0,8,10,15,176,641,17,11,14,1761,0.5,83,0,0,1,0,1,1
740,20,3.0,3,0,5,417,596,15,5,47,3578,0.7,166,1,0,1,1,1,1
1435,4,0.5,4,10,14,453,664,8,1,62,369,0.1,150,1,1,0,1,1,1
1745,20,1.2,3,3,14,202,1670,18,1,21,3507,0.2,89,0,1,1,1,1,1
1995,19,2.6,2,2,20,1133,1972,6,3,4,3452,0.8,171,1,0,1,0,1,1
1813,14,1.8,2,10,14,1655,1899,15,14,28,981,0.5,159,1,0,0,1,1,1
1719,5,1.9,3,2,12,658,1778,10,6,40,2534,0.1,118,1,1,1,1,0,0
812,14,0.5,7,1,11,595,891,13,10,17,3248,0.6,182,1,0,0,0,1,1
987,6,2.9,7,0,6,150,1623,12,1,63,2646,0.3,154,0,1,1,1,1,1
977,19,0.7,3,5,6,1124,1758,15,14,50,3454,0.5,106,0,1,0,1,0,1
1289,19,0.7,2,0,18,489,565,5,1,7,375,0.1,99,0,1,1,1,0,0
1125,9,0.5,1,3,20,647,751,13,0,42,1622,0.9,158,0,1,1,1,0,0
1733,12,1.9,3,14,15,749,1203,18,6,28,2246,0.8,104,1,1,1,0,0,1
1333,9,1.2,1,1,4,477,651,18,7,35,3816,0.9,198,1,1,1,1,0,0
964,18,3.0,6,3,13,829,1154,15,7,48,1597,0.9,131,1,1,1,1,1,1
1613,5,1.3,2,1,5,1141,1590,15,5,24,3733,0.4,195,0,0,0,1,1,1
1123,12,1.2,4,1,4,1096,1152,17,9,8,2877,0.6,171,0,1,1,0,0,0
1913,4,2.8,4,0,16,612,1108,6,0,7,3227,0.3,136,0,1,0,1,1,1
1302,16,0.5,7,3,7,1099,1202,8,6,20,1446,0.6,184,0,0,0,1,1,1
797,13,1.4,1,0,14,1515,1812,13,11,9,1043,0.1,104,1,0,1,0,1,1
1074,3,1.5,2,5,7,41,756,16,3,9,1649,0.1,174,1,1,1,0,0,0
1411,4,2.6,5,0,3,1128,1959,16,5,61,483,0.3,165,0,1,1,0,0,1
1502,16,2.2,5,0,1,492,750,9,2,16,3712,0.5,187,1,1,1,1,1,1
983,8,1.5,4,1,20,1542,1765,19,15,22,1694,0.1,170,0,1,0,1,0,1
1457,10,0.5,7,7,13,786,1032,13,4,8,584,0.3,120,1,0,0,0,0,1
1315,20,0.9,6,3,6,1272,1316,8,2,40,3431,0.6,162,0,1,1,0,1,1
1514,5,0.7,5,11,17,656,1451,13,0,11,2315,0.2,187,0,0,0,0,0,0
1604,19,0.5,5,0,1,399,1360,16,13,63,3870,0.8,169,1,1,1,1,1,1
1919,8,0.6,8,11,20,771,1829,9,4,63,2205,0.9,109,1,0,1,0,1,1
1152,8,3.0,3,2,4,567,1802,7,5,44,986,1.0,80,0,1,0,1,0,0
664,5,2.9,5,10,15,1002,1260,8,4,40,3366,0.1,173,0,1,1,0,1,1
1848,17,0.5,6,9,10,317,540,10,2,36,3380,0.1,174,0,0,0,0,0,0
1319,17,2.0,1,9,19,1080,1886,7,1,28,3095,0.8,178,1,0,1,1,1,1
1189,15,2.5,7,4,9,1321,1717,17,7,20,2509,0.3,171,0,1,0,0,1,1
1130,5,1.3,6,1,4,185,555,17,4,59,3785,0.8,98,1,1,0,1,1,1
654,9,1.3,4,11,14,208,1975,14,13,5,3801,0.7,199,1,1,1,1,0,1
727,19,0.5,8,0,1,44,757,5,0,42,2039,0.1,163,1,1,1,1,1,1
1688,20,0.9,6,7,16,598,695,5,4,53,2156,0.3,88,1,0,1,0,1,1
1275,11,0.5,8,1,2,11,1130,7,5,44,1354,0.6,136,0,0,0,0,0,1
1108,10,2.2,5,3,14,97,706,6,1,37,3094,0.4,143,1,1,0,1,1,1
839,4,2.7,2,4,7,43,1211,5,1,37,3505,0.7,93,0,1,0,0,0,0
1464,6,0.5,5,1,2,303,701,9,1,6,3725,0.4,97,1,0,0,0,1,1
750,7,1.3,1,0,0,645,1680,6,5,33,1422,0.8,156,0,1,1,0,0,1
1749,9,1.1,3,9,15,415,589,8,1,57,786,0.6,183,0,0,1,1,0,1
1229,15,0.5,5,2,5,126,666,11,9,42,1712,0.1,197,0,1,1,1,0,1
1506,3,2.9,7,19,20,126,1150,5,1,47,1522,0.6,130,1,1,0,0,1,1
1887,11,2.1,4,0,20,837,1504,18,16,23,1811,0.5,148,0,0,1,0,0,1
652,13,0.5,1,6,8,1036,1345,19,17,3,2807,0.6,193,0,0,0,1,0,1
1422,15,2.8,6,7,14,207,1038,15,5,30,2229,0.5,99,0,1,0,1,0,1
709,7,1.9,4,10,14,345,601,7,2,63,1509,0.3,150,1,0,1,0,0,1
583,13,0.5,8,1,6,717,1717,13,2,62,886,0.8,84,1,0,1,0,1,1
941,11,1.3,3,3,5,994,1494,6,3,26,2875,0.4,128,1,0,0,1,0,1
763,17,1.2,1,4,17,724,737,18,3,59,2863,0.6,119,1,0,0,1,1,1
1581,3,1.4,2,0,1,890,1980,5,1,55,3936,0.6,138,0,1,0,0,1,1
1045,4,1.5,2,5,10,440,1730,18,4,25,2267,0.3,83,1,0,1,1,0,1
1308,16,0.5,5,0,0,432,1219,8,0,34,386,0.5,169,1,1,0,1,0,1
702,2,1.2,5,1,7,2,1152,11,9,38,3131,1.0,82,1,1,0,0,0,0
868,5,2.8,7,4,13,123,1735,12,10,36,1655,0.2,175,0,1,0,0,1,1
877,18,2.3,4,16,20,568,1267,14,3,12,3730,0.9,107,1,1,0,1,0,0
1275,19,0.5,2,5,11,299,1239,19,15,24,3397,0.3,184,1,0,1,1,0,1
1439,13,0.5,8,0,1,559,1573,8,5,50,805,0.7,182,1,1,0,1,0,0
510,17,1.3,1,0,1,268,1505,5,4,15,2187,0.5,131,1,0,0,1,1,1
1038,20,1.8,6,1,11,79,1186,14,9,42,3984,0.2,150,0,1,0,0,1,1
529,3,1.4,2,13,17,797,878,12,0,32,1561,0.7,139,1,1,1,1,1,1
1203,11,1.7,3,8,17,1153,1688,7,5,20,2307,0.7,157,0,1,0,1,1,1
768,16,2.5,4,10,18,520,575,8,2,13,1921,0.2,133,0,1,0,1,0,1
1780,13,1.5,1,2,8,324,1461,13,6,30,1066,0.2,82,1,1,0,1,0,0
1021,14,0.9,8,2,4,490,1647,13,2,9,773,0.5,184,1,1,1,1,1,1
1334,17,1.2,2,0,1,158,971,16,14,35,1038,0.1,199,1,0,0,0,0,1
1153,8,0.5,3,2,3,1788,1886,9,8,34,2225,0.6,133,0,1,0,1,1,1
1138,4,1.8,4,0,2,1162,1794,13,12,51,1327,0.3,172,1,1,1,1,1,1
1263,4,2.3,7,13,18,508,1047,14,3,4,668,0.9,178,0,0,1,0,0,0
825,19,2.5,3,11,20,783,960,18,1,56,1692,0.7,173,0,0,1,0,0,0
1894,16,0.5,3,10,20,1634,1937,18,17,16,1021,0.1,172,1,1,1,0,0,1
1383,19,1.7,6,11,19,487,507,18,9,40,2510,0.1,147,0,0,1,0,1,1
837,14,1.1,4,2,9,551,1784,5,0,27,2388,0.5,167,1,1,1,1,0,0
640,10,2.3,1,0,1,1816,1869,10,7,63,346,0.2,94,0,0,1,0,0,0
1194,13,2.2,5,3,8,46,1288,6,5,3,2872,0.2,90,1,1,1,0,0,1
520,18,0.6,3,2,9,12,914,15,4,44,3616,0.6,127,1,0,0,0,1,1
942,18,2.5,5,6,19,451,1310,7,5,11,1783,0.5,196,0,1,1,1,0,1
558,4,2.2,4,5,16,447,804,12,4,24,482,0.1,169,0,1,1,0,1,1
1733,9,1.6,6,9,15,633,1649,6,5,56,3352,0.5,111,1,0,0,0,0,1
1210,10,1.3,8,0,1,567,579,11,2,52,1104,0.1,183,0,0,0,1,1,1
880,20,0.5,4,7,17,346,739,19,17,32,1141,0.5,141,1,0,1,1,1,1
1938,3,1.4,2,4,7,76,1084,9,5,60,3691,0.4,171,1,1,1,0,0,1
657,7,1.3,2,4,19,1444,1735,9,0,28,2602,1.0,118,1,0,0,1,0,0
1273,14,0.5,1,6,12,685,1352,11,2,47,303,0.2,98,1,0,0,0,1,1
1842,19,0.5,3,0,0,565,709,11,3,19,585,0.2,147,0,1,0,0,1,1
1567,12,1.3,4,8,12,870,1020,19,9,45,927,0.6,99,0,1,1,1,0,1
914,13,1.7,2,6,13,1032,1822,19,8,36,786,1.0,128,1,1,0,1,0,1
1568,2,1.8,8,4,6,661,1584,13,2,22,294,0.1,119,1,0,1,0,0,0
873,15,0.5,6,4,18,237,1531,15,13,30,3655,0.2,175,0,1,0,0,1,1
1371,9,0.5,4,0,5,352,810,11,9,57,286,0.8,108,0,0,0,0,1,1
1739,9,1.0,1,1,7,426,793,17,8,15,3285,0.9,100,0,0,1,0,0,0
630,12,2.2,8,1,10,1329,1445,6,5,56,1317,0.2,119,0,0,1,0,0,1
1507,18,3.0,6,0,9,346,1511,17,6,54,3547,0.3,112,0,0,0,1,1,1
735,3,0.5,2,4,6,610,1283,11,2,17,2484,0.6,131,1,1,0,0,1,1
941,10,2.5,8,1,4,652,1855,7,4,41,1791,0.3,117,0,0,0,1,1,1
1216,17,1.7,3,1,4,957,1811,10,0,26,3607,0.7,116,1,0,0,0,0,1
621,10,1.9,8,10,15,972,997,6,3,3,3521,0.6,148,1,1,1,0,0,0
934,16,2.4,6,3,4,10,613,14,12,61,1180,0.2,138,1,1,1,0,0,0
1962,15,0.7,7,1,6,282,507,10,3,18,2026,0.9,159,1,1,0,1,1,1
574,6,0.5,6,0,13,288,502,6,5,41,1865,0.8,85,1,1,0,1,0,0
1078,2,2.5,2,3,6,257,1986,10,2,56,3471,0.6,158,0,1,0,0,0,1
761,4,1.3,8,15,16,867,1978,9,1,37,2270,0.9,174,0,0,1,0,1,1
1758,9,2.1,3,14,20,60,1151,14,5,29,2940,0.1,155,0,1,1,1,0,0
1745,16,2.0,2,13,18,1017,1953,6,4,47,1715,0.6,154,0,1,1,1,0,0
1657,13,1.9,3,1,6,518,1723,13,10,40,841,0.2,170,0,1,0,1,1,1
968,10,0.9,5,10,14,954,1159,14,5,26,3381,0.5,88,0,1,0,1,1,1
1329,5,2.8,4,1,10,871,1293,5,4,10,337,1.0,105,1,0,1,0,0,0
1923,3,0.5,2,2,4,927,1623,11,6,13,1868,0.7,147,0,0,1,0,1,1
613,13,2.5,8,0,0,519,586,19,18,53,1509,0.4,200,0,0,1,1,0,1
1268,16,2.7,1,4,9,682,862,17,0,53,2903,0.5,141,0,0,1,0,0,0
519,16,2.9,3,2,5,491,1527,8,6,3,1231,0.6,83,0,1,1,1,0,1
1157,4,2.8,8,16,18,137,1154,6,1,19,1403,0.5,87,1,1,1,1,0,1
519,12,0.6,7,7,11,1248,1733,12,10,45,1580,0.1,186,1,0,0,1,1,1
1308,11,2.2,5,1,17,1471,1604,14,1,51,1189,0.2,113,1,1,1,0,0,0
1403,3,0.5,8,4,9,1156,1252,12,7,42,1381,0.5,144,0,1,0,1,1,1
936,10,2.7,1,2,17,766,1263,19,15,38,2826,0.6,122,0,0,0,0,1,1
1878,18,0.8,7,8,10,1369,1389,17,14,31,1342,0.5,183,1,0,1,1,0,0
1141,11,2.9,2,1,4,456,1387,6,0,2,3386,1.0,92,1,1,0,0,1,1
794,3,2.7,2,2,18,1559,1729,18,6,3,1141,0.3,127,0,1,0,1,1,1
1260,18,1.9,2,3,6,973,1109,15,8,60,3964,0.9,85,1,0,0,1,0,1
1281,4,3.0,2,2,9,363,811,13,7,6,2713,0.6,191,1,0,1,0,1,1
1208,19,2.7,2,0,1,1686,1793,9,1,17,2165,0.2,168,0,0,1,1,0,1
1023,6,2.8,4,16,17,629,1158,14,11,44,1830,0.7,176,1,1,0,0,0,0
1515,10,2.2,3,9,10,796,1692,7,6,36,3546,0.1,118,0,0,1,1,0,1
1333,13,1.8,5,1,5,557,1716,7,1,45,2585,0.6,128,1,1,1,1,0,1
529,4,2.3,2,3,18,658,1294,11,5,58,873,1.0,197,0,1,1,0,1,1
1887,14,1.7,8,6,15,939,973,19,14,41,1664,0.9,81,0,0,0,0,1,1
876,14,2.7,7,12,16,140,512,16,3,41,3334,0.3,92,0,0,0,1,1,1
687,6,2.0,7,13,19,580,736,18,1,56,569,0.8,131,1,1,1,1,1,1
1153,10,2.8,5,0,0,186,1279,7,5,62,3353,0.2,94,1,1,0,0,1,1
1637,8,1.7,6,5,16,1375,1474,7,3,33,3693,0.4,118,1,1,0,0,1,1
1131,19,0.8,5,0,16,487,870,12,5,27,503,0.9,162,0,1,1,0,1,1
1764,18,1.2,3,0,1,180,1443,19,18,8,2406,1.0,125,0,1,0,1,1,1
1544,16,1.0,1,2,6,595,675,8,0,64,1715,0.3,193,1,0,1,1,1,1
844,6,0.7,7,3,4,241,926,10,6,22,2179,0.9,172,0,1,1,1,1,1
985,16,0.5,8,4,9,19,1496,14,4,5,3071,0.8,158,1,1,1,0,1,1
703,3,1.3,1,6,9,1182,1697,8,6,18,355,0.1,178,1,0,1,1,1,1
1906,19,0.9,4,3,12,199,867,6,3,14,3375,0.5,114,1,0,0,1,0,1
617,19,2.1,1,11,18,659,1318,17,1,40,2921,0.9,108,1,0,0,0,0,0
617,5,0.6,8,7,18,356,838,11,3,47,341,0.5,153,0,1,1,1,0,0
716,5,1.3,1,0,2,390,722,6,3,56,3947,0.7,167,1,1,1,1,1,1
676,3,1.0,5,1,2,805,1710,5,0,54,2650,0.8,182,0,0,0,0,1,1
1770,19,2.0,2,8,9,57,891,8,4,12,3816,0.8,118,0,1,0,0,0,1
1857,5,1.9,1,0,0,1028,1465,19,0,62,336,0.6,147,1,0,0,0,0,0
524,4,0.9,7,8,14,287,655,6,0,10,625,0.1,85,1,0,1,1,1,1
576,18,0.9,5,8,17,1371,1426,12,9,56,3891,0.1,174,1,0,0,1,0,0
553,15,0.5,4,2,3,525,1601,15,11,8,1042,0.5,153,1,1,0,1,1,1
1012,15,2.2,3,10,12,1176,1496,18,14,8,2141,1.0,181,1,1,1,0,1,1
823,3,2.5,5,11,15,1364,1516,6,4,24,2279,0.5,195,0,0,0,1,1,1
1928,12,0.5,8,5,19,701,1156,9,4,44,3828,0.9,109,1,0,0,0,0,1
804,13,1.5,1,5,10,1805,1978,10,8,12,2310,1.0,183,0,0,0,0,1,1
1517,18,1.6,3,0,1,483,1814,9,0,42,2162,0.7,101,1,0,1,0,1,1
1500,10,2.8,8,7,11,808,1889,10,6,39,1988,0.1,176,1,0,0,0,0,1
1425,19,1.2,7,4,6,666,1220,17,1,37,2786,0.7,135,0,1,0,0,1,1
547,3,2.4,8,4,5,98,1506,11,5,3,1972,0.4,197,1,0,1,0,1,1
1886,15,3.0,1,13,17,339,1670,5,3,26,1828,0.5,115,0,0,1,0,1,1
1804,17,0.5,1,1,13,1235,1255,17,8,4,3286,0.5,111,0,1,0,0,1,1
685,10,2.2,3,2,6,295,558,7,6,2,1282,0.4,172,1,0,1,1,1,1
1352,11,0.5,2,8,12,346,682,16,5,22,1562,0.9,111,1,0,0,0,1,1
1785,18,2.5,4,0,1,116,518,12,4,18,1202,0.1,180,0,1,0,1,0,0
1300,10,1.9,6,4,5,353,758,16,11,61,2262,0.5,143,1,0,0,0,0,0
1184,15,2.1,8,2,5,483,1598,6,4,33,2828,0.5,199,0,1,1,1,1,1
1180,19,2.3,2,7,16,486,1671,8,0,24,2025,0.2,198,1,0,0,0,1,1
886,7,0.9,4,13,15,287,695,11,4,2,621,0.6,102,1,1,1,0,1,1
1309,9,1.5,6,9,20,871,1484,15,0,12,293,0.9,98,0,0,1,0,1,1
744,17,0.5,3,1,5,846,1701,15,13,38,2001,0.3,188,0,0,1,0,0,1
1408,16,2.0,6,1,3,744,1211,15,11,59,393,0.9,172,1,1,0,1,1,1
734,16,2.7,8,1,5,138,1042,13,7,32,714,0.8,93,1,1,0,1,1,1
500,3,1.4,3,0,1,1010,1854,9,3,28,3460,0.4,128,0,0,1,1,0,1
1745,5,2.8,1,0,0,699,766,6,4,45,1019,0.7,186,1,0,1,0,0,0
1296,18,1.0,3,6,13,501,609,15,0,43,1692,0.2,171,1,1,0,0,0,1
1256,12,0.5,2,15,18,436,1308,13,9,51,2213,0.6,83,0,0,1,0,1,1
782,13,1.8,5,8,19,406,1025,17,4,20,655,0.6,109,1,1,1,0,0,0
965,8,0.8,4,5,7,403,718,5,0,24,1567,0.7,105,0,1,0,0,0,0
652,5,2.9,6,4,18,248,1487,12,4,14,1706,0.2,196,1,1,0,0,1,1
1847,11,2.8,7,6,13,1236,1374,16,7,29,1017,0.7,112,1,0,1,0,0,1
1363,3,2.1,4,9,19,1247,1338,7,0,46,2951,0.5,120,1,1,0,0,1,1
1946,17,0.5,5,0,1,198,1045,18,14,39,533,0.4,112,0,0,1,1,1,1
1701,19,1.6,6,2,14,1281,1776,14,11,53,3340,0.8,88,1,1,1,0,1,1
1754,7,0.5,6,13,20,141,808,6,4,38,2765,0.9,83,1,1,1,0,0,1
1938,14,2.9,4,0,1,1001,1714,5,1,37,3881,1.0,94,0,0,1,0,1,1
992,7,2.6,7,10,12,663,1521,14,9,52,332,0.3,107,1,1,0,1,0,0
897,7,2.4,2,7,9,1610,1612,6,5,38,519,0.8,110,1,0,1,0,1,1
1423,16,0.5,3,7,9,993,1295,15,13,58,1683,0.9,112,1,1,1,1,0,0
1343,11,0.5,5,6,17,643,817,13,7,23,2629,0.4,97,1,0,0,1,1,1
761,6,2.6,3,5,18,883,985,11,5,52,2587,0.8,141,0,1,1,1,1,1
1742,13,1.4,8,3,6,392,831,18,7,20,1828,0.1,134,1,0,1,1,1,1
1181,19,0.8,5,0,5,71,586,15,10,51,608,0.9,198,1,1,0,0,1,1
1754,2,1.7,3,1,17,823,1035,18,3,58,1446,0.9,197,1,0,1,1,1,1
1315,16,0.5,2,0,3,245,1064,17,2,58,2258,0.8,86,1,1,1,0,1,1
649,11,2.9,1,0,10,893,1185,8,4,38,558,0.5,130,0,0,1,1,0,1
1967,18,0.6,6,2,9,108,751,9,7,25,1666,1.0,109,0,1,1,1,0,1
926,14,1.7,2,2,9,801,880,14,8,12,2244,0.8,179,0,0,0,1,0,0
933,8,1.8,8,9,19,129,925,14,13,33,758,0.2,191,1,0,0,0,0,0
913,5,1.7,5,12,14,849,1993,17,12,58,1061,0.2,200,1,0,0,0,0,0
1651,15,0.5,1,1,6,697,924,9,0,57,3421,0.2,193,0,0,1,1,1,1
1154,19,1.7,5,5,7,1068,1851,17,14,42,3950,0.5,117,0,1,1,0,1,1
1181,13,1.6,1,5,16,450,623,11,10,32,1435,0.2,181,1,1,1,0,1,1
1933,16,0.5,8,0,6,242,668,14,3,63,3142,0.4,181,1,0,1,1,0,1
1341,19,1.4,5,8,10,601,937,16,4,38,1579,1.0,170,0,0,0,1,1,1
534,16,1.5,1,3,8,45,517,18,0,3,2987,0.3,89,1,1,0,1,1,1
1324,19,0.9,6,7,8,1243,1928,12,3,28,3269,0.7,95,1,1,1,1,1,1
1803,5,2.6,2,7,12,156,1289,9,3,9,406,0.9,112,0,1,0,0,1,1
1888,6,2.7,4,1,3,81,630,10,6,53,1604,0.1,146,0,1,1,1,1,1
1540,3,1.0,5,4,7,93,1644,12,7,40,793,0.4,162,0,0,0,0,1,1
1590,11,2.4,8,5,6,945,1015,13,10,15,1983,0.9,157,0,1,0,0,0,1
1183,6,0.5,2,11,16,19,769,16,1,24,2637,0.6,130,1,0,1,1,0,1
1774,3,0.5,4,1,16,217,1159,10,0,45,879,0.8,145,1,1,0,0,0,0
1159,2,2.1,1,2,15,1526,1805,8,0,27,3258,0.7,137,0,0,0,0,1,1
723,16,1.9,1,0,3,303,779,12,4,10,2380,0.5,159,1,1,0,0,1,1
543,12,0.9,1,3,9,272,1317,8,5,6,564,0.4,91,0,0,0,1,1,1
1348,11,0.5,1,18,20,539,665,12,1,40,3543,0.1,148,1,1,0,0,0,0
1836,8,0.6,5,18,20,169,876,5,3,57,1039,0.8,111,0,0,1,1,1,1
1290,12,1.3,8,0,0,599,750,11,9,31,1895,0.7,117,0,0,1,1,0,0
645,4,2.9,3,3,6,446,1573,11,1,5,1315,0.1,185,1,1,0,0,0,1
1654,5,2.0,7,2,3,460,1733,8,0,58,2801,0.7,119,0,0,0,0,0,1
1156,2,2.3,2,0,0,1094,1518,11,1,3,3786,1.0,95,1,1,1,0,1,1
1341,11,2.6,6,4,8,1096,1683,6,5,43,3065,0.4,194,0,1,1,0,0,0
1427,4,0.6,8,8,12,249,1541,10,8,40,2338,0.8,121,0,0,0,0,1,1
1541,11,1.6,8,1,14,287,1791,9,0,7,3137,0.5,143,0,0,1,0,1,1
1693,20,1.4,2,9,17,181,1760,16,5,41,575,0.1,139,0,1,0,1,0,0
1567,9,3.0,3,13,18,995,1215,16,11,23,3600,0.6,178,0,0,1,1,0,1
1564,4,1.7,4,5,6,186,1210,18,6,35,2545,0.9,173,0,0,1,1,0,1
1787,13,1.1,7,4,9,35,757,14,11,11,541,0.4,103,0,0,1,1,0,1
770,18,0.6,2,12,14,128,657,18,2,33,1686,0.4,90,0,1,0,1,1,1
1748,8,0.8,7,1,4,196,802,12,7,7,989,0.5,189,0,1,1,0,0,0
1859,19,0.5,7,0,0,35,1706,14,13,47,2691,0.1,85,1,0,0,1,1,1
975,18,0.9,6,5,17,769,1669,8,7,6,3787,0.6,163,0,1,0,0,0,0
1597,18,0.9,7,2,5,1455,1670,12,7,10,2138,0.6,172,1,0,0,0,1,1
1941,14,2.3,4,9,12,36,726,13,3,42,763,0.7,108,1,0,1,1,0,0
1061,2,2.6,7,6,20,1009,1222,19,16,49,2260,0.6,133,1,0,0,1,0,0
1620,13,2.0,4,7,11,495,1668,13,2,11,1732,0.5,191,1,1,0,1,1,1
1366,2,1.3,3,5,15,875,1760,17,15,51,2716,1.0,129,0,1,1,0,0,0
1324,13,1.7,2,9,19,59,553,16,7,46,1424,0.1,107,1,0,0,0,0,1
1363,15,2.6,5,1,2,550,1248,6,1,39,267,0.2,129,1,1,1,0,1,1
1570,7,2.8,5,0,13,509,544,6,2,18,3153,0.4,148,0,1,1,1,1,1
1524,2,2.1,5,6,16,351,592,6,1,64,2905,0.4,83,1,0,1,1,1,1
1179,2,2.1,3,0,0,481,536,19,13,2,1435,0.3,93,0,0,1,0,0,0
1555,6,0.5,2,8,11,57,516,11,6,2,3596,0.9,90,1,0,1,1,1,1
981,7,0.5,5,1,10,74,1485,17,10,15,1831,0.5,159,1,1,1,1,0,1
1920,4,2.5,1,6,7,588,1125,10,5,8,2099,0.4,194,0,1,1,1,1,1
1470,19,0.5,6,0,1,556,1512,16,7,54,1790,0.1,84,0,0,1,1,0,0
1986,17,0.8,8,5,7,757,1962,7,5,13,1190,0.2,108,0,0,1,0,1,1
1371,8,2.8,4,2,3,1023,1676,6,1,19,1767,0.6,94,1,0,0,1,1,1
1852,4,1.6,3,5,15,588,1353,8,4,25,3199,0.1,85,1,0,0,0,1,1
1472,19,1.4,8,7,10,861,1131,17,0,6,1621,0.1,182,1,0,0,1,0,1
1055,3,1.2,6,18,19,159,579,13,3,29,2364,0.8,101,1,1,1,1,1,1
1371,5,2.1,2,0,12,35,785,15,14,3,2202,0.3,173,1,1,1,1,0,1
782,20,1.1,7,0,2,349,1910,14,13,38,2753,0.4,199,0,0,0,1,1,1
1452,15,0.9,5,6,12,667,1680,12,4,36,1005,0.5,82,1,1,0,1,1,1
519,9,2.0,1,11,12,527,889,19,3,33,889,0.7,135,1,1,1,0,1,1
1989,4,1.8,3,16,18,135,576,14,8,10,2158,0.9,86,1,0,0,0,1,1
1754,7,1.6,5,0,1,318,1810,12,7,15,1966,0.1,166,0,0,0,0,0,1
1329,10,1.0,7,3,4,579,896,14,8,42,774,0.1,144,0,0,1,1,1,1
1093,2,1.1,1,0,4,762,1425,12,3,42,2856,0.4,114,1,0,0,1,0,0
986,12,2.2,7,5,9,5,1359,15,13,38,343,0.3,95,1,1,1,0,1,1
848,16,1.1,4,7,16,1768,1812,18,4,39,475,0.4,107,1,0,0,0,1,1
1146,19,0.5,7,4,6,841,994,15,2,21,1182,0.5,152,1,0,0,0,1,1
841,10,0.5,6,0,16,258,1642,8,6,59,1169,0.2,103,0,1,0,0,0,0
1140,2,0.9,3,0,1,211,555,13,4,40,3386,0.1,119,1,1,0,0,0,1
1091,14,1.8,3,4,8,650,922,5,0,8,3626,0.5,100,1,1,1,1,0,1
1360,5,0.7,7,8,20,493,681,16,4,25,3934,0.4,108,0,0,0,0,1,1
1038,16,1.0,4,2,6,1019,1246,11,1,28,3913,0.2,154,0,0,1,0,0,1
1111,2,2.5,1,4,11,110,1981,14,8,46,851,0.4,152,1,0,0,0,0,0
1220,19,0.5,3,8,19,892,1470,18,12,52,1458,0.8,121,1,0,1,1,0,0
1636,9,1.8,5,9,11,555,635,13,0,52,2363,0.9,188,0,1,0,1,0,0
1800,7,1.6,2,2,8,179,1137,15,2,23,1966,0.8,187,1,1,0,0,0,0
674,20,2.4,1,5,9,4,1936,8,0,49,2179,0.6,130,0,1,1,0,0,1
1591,12,2.4,8,4,5,669,700,19,6,3,615,0.5,192,0,1,0,1,0,1
1190,14,0.8,3,5,16,345,1044,7,0,61,305,0.6,145,0,0,1,0,0,0
572,16,2.8,6,4,5,563,1539,12,1,35,3106,0.2,99,0,0,0,0,1,1
1143,15,2.9,8,0,0,381,535,16,5,64,2080,1.0,143,0,1,1,1,0,0
1492,18,0.5,1,13,16,444,1764,10,7,36,592,0.4,185,0,0,0,1,0,0
1825,2,2.3,8,9,11,48,1005,15,11,27,2502,0.8,163,0,1,0,1,1,1
1450,7,2.4,5,2,8,221,648,13,12,45,941,0.6,83,0,1,0,1,1,1
1629,14,2.3,1,4,8,1260,1634,5,4,48,2532,0.4,121,0,1,0,0,0,1
669,14,0.5,2,0,0,486,1854,17,7,46,2981,0.7,144,1,0,0,1,0,0
575,20,1.1,5,2,11,615,1825,17,7,10,2956,0.2,163,0,1,0,1,0,1
900,14,2.8,4,3,18,638,721,8,2,56,2281,0.9,112,0,1,1,1,0,1
1057,3,0.5,7,4,7,809,824,6,3,42,2688,0.7,112,0,1,0,0,1,1
1247,20,0.8,5,16,20,1114,1350,9,2,24,522,0.8,116,1,0,1,1,0,0
1992,20,1.3,5,8,15,0,883,7,6,43,2179,1.0,153,1,1,1,0,1,1
974,9,2.1,4,1,3,346,514,16,0,17,1901,0.7,162,0,0,0,1,1,1
1715,11,0.5,8,8,9,900,1219,18,15,47,3163,0.4,116,1,1,0,1,1,1
1570,11,0.5,2,15,20,319,1406,8,0,26,426,0.6,157,0,0,0,0,1,1
1724,12,2.0,2,1,8,102,1609,16,0,21,695,0.2,105,1,0,1,0,0,1
1886,17,1.6,5,0,6,362,1606,12,3,47,3287,0.1,180,0,1,0,1,1,1
1177,18,2.4,6,7,16,1228,1975,16,4,38,1880,0.7,162,1,0,1,1,1,1
1036,13,1.4,7,6,10,416,523,5,2,37,3864,0.5,184,1,0,1,1,1,1
1336,9,2.6,5,7,17,238,1402,8,2,26,325,0.5,83,0,1,0,0,0,1
1004,17,1.9,8,12,17,793,1537,6,0,24,650,0.8,128,0,0,1,0,0,0
1123,10,2.9,3,10,15,670,1557,11,8,5,2567,0.1,145,1,1,1,1,0,0
1730,11,1.3,2,2,13,1445,1934,8,2,48,2452,0.4,198,1,0,1,1,1,1
1890,14,2.1,4,13,17,973,1546,5,2,17,2585,0.5,127,1,0,1,1,1,1
1055,13,3.0,7,1,8,806,861,5,0,56,1532,0.6,111,1,1,0,0,0,1
805,20,2.4,1,2,3,900,1984,12,2,59,2917,0.7,110,1,1,1,0,0,1
608,8,1.3,3,15,16,98,643,13,4,2,3635,0.4,139,1,0,0,0,1,1
1130,18,0.6,8,5,12,296,585,5,2,51,2098,0.5,175,0,0,0,0,0,1
1208,3,0.7,3,8,18,763,865,11,9,13,484,0.9,86,0,1,1,1,0,1
535,16,1.3,7,1,3,313,744,10,2,53,720,0.5,151,0,0,1,0,0,0
1191,15,1.7,3,1,2,1354,1418,18,5,7,2734,0.4,102,0,1,1,0,0,1
922,10,2.7,4,0,0,253,1364,18,8,3,3910,0.5,100,1,0,0,0,1,1
966,20,0.5,3,3,7,1390,1896,6,5,37,817,0.7,123,0,1,0,0,0,1
1351,5,0.7,8,10,16,700,727,15,0,48,3781,0.5,134,0,1,0,1,0,0
732,4,1.3,4,12,16,663,1813,18,10,48,832,0.5,141,1,0,0,0,1,1
1005,8,2.0,1,9,16,218,1123,11,4,11,939,0.8,132,1,0,1,1,1,1
1575,7,2.4,2,2,7,142,1160,16,8,22,1091,0.7,81,1,1,0,1,0,0
1427,8,2.8,1,10,14,169,1784,9,3,11,2417,0.5,155,1,0,1,0,1,1
1306,8,2.9,4,5,12,67,1247,17,0,26,2552,0.9,145,0,1,0,1,0,0
1911,2,1.1,5,3,12,426,659,11,0,25,1251,0.4,106,0,1,0,0,0,1
1170,11,2.2,1,4,5,442,1905,11,10,63,2658,0.7,83,0,1,0,1,1,1
1278,12,1.5,8,6,13,764,1521,6,1,64,339,0.2,146,1,0,1,0,0,0
1709,19,0.5,3,0,3,235,1310,15,7,55,3124,0.8,144,0,0,1,0,1,1
1904,19,0.8,6,2,7,1102,1442,5,4,27,2387,0.6,198,1,0,0,1,1,1
1741,10,0.5,1,6,16,9,1562,17,9,37,1415,0.7,183,1,1,0,1,0,0
1288,16,0.5,6,0,3,793,1021,5,4,48,2465,0.5,92,1,1,1,0,0,0
1976,4,2.5,3,4,15,1014,1131,16,11,33,2947,0.7,196,1,0,1,1,0,1
1270,8,0.5,4,1,2,566,695,18,13,62,3747,0.5,142,0,0,0,1,1,1
1246,8,1.6,8,0,4,522,818,7,3,52,552,0.6,187,1,0,1,1,0,1
1544,5,0.5,5,12,14,588,1414,11,10,20,1826,0.9,144,1,1,0,0,1,1
671,18,0.5,8,1,5,605,722,6,1,38,2210,0.1,105,0,0,1,1,0,0
582,18,2.3,4,6,14,1241,1367,6,3,51,2587,0.9,156,1,1,1,0,1,1
1951,4,2.1,6,5,6,1044,1663,16,5,22,945,0.5,132,0,0,0,1,0,1
822,17,1.1,2,2,4,269,527,8,5,44,3288,0.9,146,1,0,1,0,0,1
733,12,0.5,4,9,10,715,993,12,9,63,3003,0.1,153,1,1,0,1,1,1
820,19,0.5,8,10,12,165,532,6,0,15,702,0.3,149,1,1,1,0,1,1
1455,10,2.2,4,8,10,91,628,8,0,19,2029,0.3,174,1,0,0,0,1,1
1723,11,0.6,5,1,19,1373,1572,12,8,57,3138,0.3,122,1,1,1,0,0,0
1869,18,1.6,6,2,16,520,566,14,8,60,1521,1.0,124,0,0,1,0,1,1
1670,6,0.5,2,1,3,185,807,5,0,33,1830,0.9,127,0,0,1,1,1,1
1734,6,1.4,4,8,15,573,584,9,4,57,3822,0.5,188,1,0,1,1,0,0
602,10,2.5,4,7,11,76,637,11,2,59,1914,0.3,166,0,0,1,0,1,1
1060,16,2.5,1,6,11,582,1212,10,4,31,2819,0.6,162,1,0,1,1,1,1
1445,15,1.4,4,11,14,772,1766,7,3,8,3120,0.7,164,0,1,0,0,1,1
1005,5,1.6,7,6,13,883,1750,14,9,32,2119,0.6,199,1,1,1,1,0,1
536,20,0.5,1,8,13,1573,1962,14,7,27,1676,0.3,108,0,0,0,1,1,1
1255,8,1.1,3,0,1,118,722,19,17,34,1749,0.2,85,0,0,1,1,1,1
1252,11,2.6,1,1,3,153,538,18,15,43,2447,0.8,124,1,1,0,0,1,1
1471,4,2.0,8,0,0,193,1134,17,1,54,3315,0.7,127,0,1,0,1,1,1
914,5,2.3,3,0,3,727,796,14,10,47,3402,0.5,119,1,1,0,1,1,1
1439,4,2.6,8,3,6,686,716,5,3,14,763,0.3,101,1,1,0,0,1,1
732,14,0.5,4,6,9,670,1025,19,12,60,3065,0.1,92,0,1,1,1,0,0
1025,11,1.9,7,3,5,108,1238,5,0,38,3530,0.7,138,0,1,1,0,1,1
842,14,2.7,1,18,20,45,1634,14,1,31,496,0.4,161,1,0,1,0,0,1
643,5,1.8,1,0,20,532,1273,8,6,28,2885,0.4,199,1,1,0,1,0,0
667,10,0.7,4,8,14,666,1372,19,10,23,3720,0.8,136,1,0,1,0,0,1
1791,2,2.3,1,5,6,1039,1602,10,7,29,2500,0.9,196,0,1,1,0,0,1
1104,16,0.5,5,2,15,1591,1750,14,7,57,2254,0.6,129,1,0,1,0,0,1
1276,10,3.0,4,5,13,15,1719,11,1,33,2395,0.6,136,0,1,1,0,1,1
927,5,1.2,2,2,3,1106,1692,7,4,22,3741,0.1,162,1,0,0,1,1,1
859,17,1.1,5,11,16,952,1713,10,4,19,2473,0.5,139,1,0,1,1,1,1
1162,3,2.9,7,2,19,9,555,10,2,57,1316,0.3,146,1,1,0,1,0,1
1876,13,2.4,2,11,18,157,1512,15,11,22,1403,0.7,168,0,0,0,0,0,1
1057,6,2.7,3,3,11,1318,1351,19,15,36,2521,0.7,105,1,0,1,1,0,0
1926,8,1.8,2,1,5,523,1699,5,2,15,735,0.9,86,0,0,1,0,0,0
853,6,0.6,4,3,9,476,1382,8,3,40,2510,0.7,166,1,0,1,0,1,1
1949,8,1.5,8,1,19,525,1419,5,1,7,1406,0.5,175,0,1,1,0,1,1
1981,11,0.5,5,3,10,282,1051,5,0,38,1392,0.2,103,0,0,0,0,0,0
1556,15,2.9,3,5,19,902,1451,11,3,21,1969,0.5,197,1,1,1,0,1,1
660,12,0.7,8,3,14,506,799,19,18,12,3549,0.4,161,1,1,0,1,0,1
1955,12,1.4,6,1,2,220,759,9,0,30,2340,0.2,91,0,1,1,1,0,1
1567,19,0.6,5,6,13,635,1112,6,3,63,1777,0.8,83,1,0,1,0,0,1
1307,19,2.1,5,5,6,530,1203,5,4,44,2402,0.1,189,0,0,1,0,0,0
1421,4,2.9,4,2,11,1516,1556,14,6,43,845,0.2,130,0,1,0,0,0,0
1332,10,2.4,8,0,1,748,832,16,10,44,1176,0.9,81,0,0,1,1,0,0
1628,19,1.4,6,4,20,436,1653,11,1,3,1624,0.4,184,1,1,0,0,0,0
1752,16,2.6,5,8,10,1165,1540,19,11,17,3323,0.4,115,1,0,1,1,1,1
1733,10,0.5,8,2,3,419,1806,8,7,20,1197,0.5,156,0,0,1,0,0,0
1081,7,1.2,2,7,11,39,1852,16,4,51,412,0.2,194,0,1,0,0,0,1
854,18,2.6,6,1,12,49,1146,12,5,45,2317,0.5,162,1,1,1,1,1,1
1657,12,2.6,4,3,20,1019,1535,15,5,22,1852,0.5,87,1,0,1,0,1,1
1053,17,2.1,7,4,7,6,1089,13,1,12,3701,0.1,95,0,0,1,0,0,0
1370,4,2.9,5,2,3,804,992,10,4,24,1672,0.3,100,0,0,0,0,1,1
1652,2,1.5,6,1,17,555,714,12,2,57,489,0.1,175,1,1,1,1,0,1
915,10,2.8,5,4,12,748,1840,7,1,22,572,1.0,174,1,0,1,1,0,1
1272,10,0.5,8,1,18,377,1970,15,2,50,2969,0.7,129,0,1,0,1,1,1
646,5,2.3,8,15,17,673,1135,14,0,10,3005,0.9,180,1,1,0,1,1,1
1359,18,0.9,2,6,7,130,1030,19,14,40,2805,0.1,182,1,1,1,1,0,0
1691,19,0.5,1,0,3,762,1643,16,5,24,2900,0.3,119,0,0,0,0,0,1
796,16,1.5,8,3,12,214,843,16,2,62,434,0.7,99,1,1,1,1,0,0
534,8,1.9,1,1,18,1216,1847,10,4,60,3599,0.2,159,1,1,0,1,1,1
721,6,2.6,2,1,2,629,1509,5,1,39,3372,0.6,168,1,1,0,0,0,0
675,6,2.8,5,11,20,135,1109,15,12,44,2980,0.1,169,0,1,1,1,0,1
1182,6,1.4,2,5,17,625,1346,13,5,21,1765,0.5,107,1,1,1,0,1,1
1062,4,2.9,2,3,10,1041,1280,9,6,12,3664,0.3,152,1,1,1,1,1,1
732,19,0.5,6,1,2,367,968,13,2,7,1423,0.4,113,0,1,1,1,1,1
781,16,0.9,2,0,1,1117,1667,9,0,62,1442,0.1,94,1,1,0,1,0,1
790,13,1.0,6,9,20,1068,1577,17,5,45,3184,0.1,200,1,1,0,1,1,1
1480,4,0.9,1,0,0,464,868,18,14,62,1780,0.9,199,0,1,1,1,0,1
946,7,1.0,6,13,14,349,541,17,10,56,2565,0.7,128,0,1,0,0,0,0
1545,16,1.7,3,1,20,148,721,8,2,59,1443,0.7,183,0,1,0,1,1,1
898,4,2.7,4,0,4,139,1660,5,0,16,2286,0.2,81,0,0,0,0,0,1
1662,19,0.5,6,0,2,875,1362,12,7,48,2787,0.8,155,0,0,0,1,0,1
1056,6,2.2,6,6,13,527,825,16,8,2,3215,0.4,166,0,0,0,1,0,1
1074,12,1.4,1,0,6,689,1628,18,11,17,401,0.7,115,1,0,1,0,1,1
1772,18,0.5,5,0,0,405,727,17,2,55,3346,0.5,149,0,1,1,1,1,1
694,19,0.5,3,6,10,1345,1514,11,3,3,991,0.8,107,1,1,1,0,0,0
1387,4,1.0,6,0,5,75,655,19,1,3,2909,0.9,154,0,1,1,0,1,1
1259,19,1.0,7,7,11,1611,1923,16,14,6,2897,0.1,110,1,1,0,0,1,1
1066,10,2.4,3,6,7,870,1026,12,9,23,896,0.6,173,0,1,0,1,0,0
940,6,2.0,1,7,15,955,1845,10,0,24,2971,0.6,81,1,1,0,1,1,1
1517,13,2.2,2,11,16,291,1592,11,0,19,1972,0.3,179,1,1,0,1,0,0
986,15,1.4,7,6,10,1907,1911,17,12,29,2742,0.2,122,1,0,0,0,1,1
1595,13,1.1,3,4,7,824,1052,16,13,31,2875,0.1,101,0,1,1,0,1,1
708,11,2.4,7,0,1,999,1695,7,3,56,1920,0.7,104,1,0,1,0,0,1
726,17,0.5,5,1,2,114,628,8,5,6,1653,0.7,183,1,1,0,1,1,1
761,14,0.5,1,4,17,562,829,5,3,5,3111,0.8,181,0,1,0,0,1,1
643,13,2.6,4,0,4,724,1175,8,7,8,3740,0.3,115,0,0,0,1,1,1
871,4,1.7,6,0,2,483,1045,13,4,56,1794,0.6,124,1,1,1,0,0,1
1347,10,2.1,2,4,14,137,792,16,2,44,399,0.8,97,1,0,1,0,0,1
1659,13,2.7,2,18,19,727,1979,10,9,64,1778,0.7,83,0,0,0,1,0,1
1259,2,1.2,5,0,15,1001,1158,10,1,61,1415,0.5,82,0,0,1,0,1,1
544,19,1.6,6,5,7,101,718,19,7,39,3262,0.1,91,0,0,1,0,1,1
1570,5,0.6,8,7,13,487,517,18,11,12,1895,0.2,141,0,0,0,1,0,0
690,20,2.9,1,8,10,711,750,13,6,38,3427,0.9,154,0,0,0,0,0,0
1053,7,2.5,4,12,19,910,1097,17,6,3,792,0.6,86,1,0,0,1,1,1
1772,4,2.4,3,5,13,1337,1544,8,6,8,2297,0.1,135,1,0,0,1,0,1
1891,10,1.3,2,10,17,518,1357,9,5,23,2610,0.4,158,1,1,0,0,1,1
937,15,1.5,4,2,6,919,1782,9,7,44,493,0.8,133,0,1,0,1,1,1
913,9,2.9,4,13,19,578,1726,7,2,34,2800,0.7,183,0,0,1,0,1,1
1066,6,0.9,6,4,11,876,880,14,0,43,3856,0.4,101,0,1,0,1,0,1
840,12,1.6,2,0,3,98,674,19,6,7,3327,0.9,147,1,1,0,1,0,0
710,18,2.3,2,1,3,1714,1895,18,4,24,3678,0.4,153,1,1,1,1,1,1
623,13,0.5,3,5,10,273,1814,12,5,29,717,0.9,134,1,1,0,0,1,1
700,8,1.3,8,2,11,612,1325,15,10,40,2537,0.1,150,0,1,1,1,0,1
995,8,2.6,1,4,6,1315,1804,16,6,7,1272,0.8,157,1,0,1,1,0,0
1325,12,1.3,1,10,12,1653,1967,10,2,33,726,0.9,165,1,0,1,1,1,1
1982,8,2.6,4,7,8,1409,1679,9,2,43,1791,0.3,113,1,1,1,0,1,1
1401,20,2.7,5,0,4,975,1028,11,8,16,2668,0.1,187,0,0,0,0,0,1
636,10,2.6,2,7,14,762,1596,10,7,55,3558,0.3,183,1,1,1,1,1,1
1637,6,0.6,8,12,17,7,940,11,9,57,3329,0.5,111,1,1,1,0,1,1
1036,16,0.9,3,16,18,70,502,11,8,9,299,0.2,119,0,0,1,0,0,1
1247,20,2.1,4,10,12,170,1028,9,3,63,2999,0.1,116,0,1,1,0,1,1
1207,19,1.1,6,9,11,93,560,12,4,56,2293,0.1,141,1,0,1,0,1,1
1198,20,0.5,7,0,7,546,1223,16,3,31,2777,0.6,125,1,1,0,0,0,1
1796,13,0.5,4,0,4,841,1803,12,0,44,1378,0.2,169,0,1,0,1,0,1
1855,3,1.0,4,8,14,1080,1883,14,2,58,2834,0.9,145,1,0,1,0,0,1
1557,5,1.6,5,7,14,665,1790,17,2,26,885,0.3,154,0,1,1,1,0,0
958,2,0.5,8,0,0,300,501,6,2,47,1706,0.7,116,1,0,1,0,1,1
1882,3,2.1,8,0,5,280,1171,9,6,17,2996,0.1,127,1,1,0,0,0,1
1489,11,0.5,7,7,10,7,719,5,2,60,677,0.8,197,1,0,0,1,0,1
1980,11,0.5,6,7,12,499,1029,11,2,15,1710,0.4,141,1,0,1,0,0,1
1235,17,1.8,3,3,4,1252,1284,14,2,21,464,0.5,197,1,0,1,1,0,0
829,8,2.6,2,11,13,349,833,12,6,10,975,0.1,132,1,0,1,1,1,1
1998,9,0.5,4,6,7,1603,1837,9,4,47,3918,0.2,182,0,1,0,1,0,1
1814,12,1.6,5,6,16,1196,1666,9,3,3,2489,0.7,156,0,0,1,0,1,1
1711,9,0.5,1,1,18,855,1199,9,4,12,2461,1.0,97,1,1,1,0,1,1
971,13,2.1,4,9,17,1074,1885,18,2,7,811,0.3,143,0,1,1,0,0,1
991,20,2.6,7,0,2,516,767,16,14,19,1358,0.5,133,0,0,1,0,0,0
905,3,1.9,7,11,12,410,1021,19,0,12,852,0.7,173,1,0,1,0,1,1
1653,10,1.3,7,0,4,206,936,9,7,49,377,0.7,99,0,1,0,0,0,1
635,20,1.9,6,0,11,1257,1597,15,4,57,3954,1.0,136,1,1,1,0,1,1
1807,9,1.2,1,4,11,246,932,7,1,37,2741,0.8,162,0,0,1,1,0,1
1797,18,2.6,3,4,20,57,1169,16,6,42,3359,0.6,174,0,1,1,1,0,1
1895,13,0.5,2,0,0,1019,1698,10,8,62,2563,0.9,99,1,0,0,1,1,1
567,7,2.7,8,14,17,555,1290,7,6,56,336,0.4,165,1,1,1,1,1,1
936,12,1.4,2,0,0,265,886,8,5,46,684,0.8,139,1,1,1,1,0,1
1700,15,1.9,7,0,17,644,913,14,8,54,2121,0.5,170,0,1,1,0,1,1
609,19,1.8,4,0,2,1152,1632,8,1,13,1933,0.9,186,1,0,1,1,0,0
1185,14,1.4,1,1,12,477,825,5,0,8,1223,0.5,80,0,0,0,0,1,1
1533,6,0.5,2,0,12,38,832,15,11,50,2509,0.4,171,1,1,1,0,0,0
1270,3,0.5,6,4,19,457,608,9,2,35,2828,0.1,140,0,1,0,1,1,1
